Workbook

Sheet Dashboard
B1: INVENTORY & PROCUREMENT OPERATIONS DASHBOARD
B2: Observation Period: Jan 2025 - Dec 2026 | Fictional Company Data | Powered by Excel Formulas
B4: Total PO Spend (INR) | D4: Total POs Issued | F4: Global Late Rate % | H4: Global Reject Rate % | J4: Stockout Risk Count | L4: Excess Stock Count
B5: =SUM(Supplier_Analysis!H2:H9) -> 18561536481 | D5: =SUM(Supplier_Analysis!C2:C9) -> 3500 | F5: =SUM(Supplier_Analysis!F2:F9)/SUM(Supplier_Analysis!E2:E9) -> 0.58938466 | H5: =SUM(Supplier_Analysis!J2:J9)/SUM(Supplier_Analysis!I2:I9) -> 0.006043756 | J5: =COUNTIF(Cleaned_Inventory!J2:J200, "Stockout Risk") -> 25 | L5: =COUNTIF(Cleaned_Inventory!J2:J200, "Excess") -> 20

Sheet KPI_Calculations
A1: Product_Category | B1: Total_PO_Spend_INR
A2: Electronics | B2: =SUMIF(Cleaned_POs!R$2:R$4000, A2, Cleaned_POs!H$2:H$4000) -> 14274393295
A3: Networking | B3: =SUMIF(Cleaned_POs!R$2:R$4000, A3, Cleaned_POs!H$2:H$4000) -> 2875167859
A4: Peripherals | B4: =SUMIF(Cleaned_POs!R$2:R$4000, A4, Cleaned_POs!H$2:H$4000) -> 473563120
A5: Office Furniture | B5: =SUMIF(Cleaned_POs!R$2:R$4000, A5, Cleaned_POs!H$2:H$4000) -> 938412207
A7: Warehouse_ID | B7: Total_PO_Spend_INR
A8: WH-BOM | B8: =SUMIF(Cleaned_POs!P$2:P$4000, A8, Cleaned_POs!H$2:H$4000) -> 4723434998
A9: WH-DEL | B9: =SUMIF(Cleaned_POs!P$2:P$4000, A9, Cleaned_POs!H$2:H$4000) -> 4763091147
A10: WH-BLR | B10: =SUMIF(Cleaned_POs!P$2:P$4000, A10, Cleaned_POs!H$2:H$4000) -> 4241643395
A11: WH-PUN | B11: =SUMIF(Cleaned_POs!P$2:P$4000, A11, Cleaned_POs!H$2:H$4000) -> 4833366941

Sheet Supplier_Analysis
A1: Supplier_ID | B1: Supplier_Name | C1: Total_POs | D1: Open_POs | E1: Delivered_POs | F1: Late_Deliveries | G1: Late_Rate_% | H1: Total_Spend_INR | I1: Total_Received_Qty | J1: Total_Rejected_Qty | K1: Reject_Rate_%
A2: SUP-01 | B2: =VLOOKUP(A2, Lookups!$A$2:$D$10, 2, FALSE()) -> TechSupply Corp | C2: =COUNTIF(Cleaned_POs!$C$2:$C$4000, A2) -> 606 | D2: =COUNTIFS(Cleaned_POs!$C$2:$C$4000, A2, Cleaned_POs!$O$2:$O$4000, "Open") -> 14 | E2: =COUNTIFS(Cleaned_POs!$C$2:$C$4000, A2, Cleaned_POs!$O$2:$O$4000, "Delivered") -> 592 | F2: =COUNTIFS(Cleaned_POs!$C$2:$C$4000, A2, Cleaned_POs!$U$2:$U$4000, "Late") -> 339 | G2: =IF(E2>0, F2/E2, 0) -> 0.57263514 | H2: =SUMIF(Cleaned_POs!$C$2:$C$4000, A2, Cleaned_POs!$H$2:$H$4000) -> 6126257631 | I2: =SUMIF(Cleaned_POs!$C$2:$C$4000, A2, Cleaned_POs!$K$2:$K$4000) -> 75191 | J2: =SUMIF(Cleaned_POs!$C$2:$C$4000, A2, Cleaned_POs!$L$2:$L$4000) -> 518 | K2: =IF(I2>0, J2/I2, 0) -> 0.0068891224
A3: SUP-02 | B3: =VLOOKUP(A3, Lookups!$A$2:$D$10, 2, FALSE()) -> Global Networks | C3: =COUNTIF(Cleaned_POs!$C$2:$C$4000, A3) -> 432 | D3: =COUNTIFS(Cleaned_POs!$C$2:$C$4000, A3, Cleaned_POs!$O$2:$O$4000, "Open") -> 12 | E3: =COUNTIFS(Cleaned_POs!$C$2:$C$4000, A3, Cleaned_POs!$O$2:$O$4000, "Delivered") -> 420 | F3: =COUNTIFS(Cleaned_POs!$C$2:$C$4000, A3, Cleaned_POs!$U$2:$U$4000, "Late") -> 263 | G3: =IF(E3>0, F3/E3, 0) -> 0.62619048 | H3: =SUMIF(Cleaned_POs!$C$2:$C$4000, A3, Cleaned_POs!$H$2:$H$4000) -> 1650042409 | I3: =SUMIF(Cleaned_POs!$C$2:$C$4000, A3, Cleaned_POs!$K$2:$K$4000) -> 53551 | J3: =SUMIF(Cleaned_POs!$C$2:$C$4000, A3, Cleaned_POs!$L$2:$L$4000) -> 232 | K3: =IF(I3>0, J3/I3, 0) -> 0.0043323187
A4: SUP-03 | B4: =VLOOKUP(A4, Lookups!$A$2:$D$10, 2, FALSE()) -> OfficeDepot Pro | C4: =COUNTIF(Cleaned_POs!$C$2:$C$4000, A4) -> 176 | D4: =COUNTIFS(Cleaned_POs!$C$2:$C$4000, A4, Cleaned_POs!$O$2:$O$4000, "Open") -> 6 | E4: =COUNTIFS(Cleaned_POs!$C$2:$C$4000, A4, Cleaned_POs!$O$2:$O$4000, "Delivered") -> 170 | F4: =COUNTIFS(Cleaned_POs!$C$2:$C$4000, A4, Cleaned_POs!$U$2:$U$4000, "Late") -> 106 | G4: =IF(E4>0, F4/E4, 0) -> 0.62352941 | H4: =SUMIF(Cleaned_POs!$C$2:$C$4000, A4, Cleaned_POs!$H$2:$H$4000) -> 100634182 | I4: =SUMIF(Cleaned_POs!$C$2:$C$4000, A4, Cleaned_POs!$K$2:$K$4000) -> 21790 | J4: =SUMIF(Cleaned_POs!$C$2:$C$4000, A4, Cleaned_POs!$L$2:$L$4000) -> 64 | K4: =IF(I4>0, J4/I4, 0) -> 0.0029371271
A5: SUP-04 | B5: =VLOOKUP(A5, Lookups!$A$2:$D$10, 2, FALSE()) -> MegaFurnish | C5: =COUNTIF(Cleaned_POs!$C$2:$C$4000, A5) -> 104 | D5: =COUNTIFS(Cleaned_POs!$C$2:$C$4000, A5, Cleaned_POs!$O$2:$O$4000, "Open") -> 2 | E5: =COUNTIFS(Cleaned_POs!$C$2:$C$4000, A5, Cleaned_POs!$O$2:$O$4000, "Delivered") -> 102 | F5: =COUNTIFS(Cleaned_POs!$C$2:$C$4000, A5, Cleaned_POs!$U$2:$U$4000, "Late") -> 58 | G5: =IF(E5>0, F5/E5, 0) -> 0.56862745 | H5: =SUMIF(Cleaned_POs!$C$2:$C$4000, A5, Cleaned_POs!$H$2:$H$4000) -> 164670349 | I5: =SUMIF(Cleaned_POs!$C$2:$C$4000, A5, Cleaned_POs!$K$2:$K$4000) -> 13998 | J5: =SUMIF(Cleaned_POs!$C$2:$C$4000, A5, Cleaned_POs!$L$2:$L$4000) -> 105 | K5: =IF(I5>0, J5/I5, 0) -> 0.0075010716
A6: SUP-05 | B6: =VLOOKUP(A6, Lookups!$A$2:$D$10, 2, FALSE()) -> FastElectronics | C6: =COUNTIF(Cleaned_POs!$C$2:$C$4000, A6) -> 698 | D6: =COUNTIFS(Cleaned_POs!$C$2:$C$4000, A6, Cleaned_POs!$O$2:$O$4000, "Open") -> 15 | E6: =COUNTIFS(Cleaned_POs!$C$2:$C$4000, A6, Cleaned_POs!$O$2:$O$4000, "Delivered") -> 683 | F6: =COUNTIFS(Cleaned_POs!$C$2:$C$4000, A6, Cleaned_POs!$U$2:$U$4000, "Late") -> 409 | G6: =IF(E6>0, F6/E6, 0) -> 0.5988287 | H6: =SUMIF(Cleaned_POs!$C$2:$C$4000, A6, Cleaned_POs!$H$2:$H$4000) -> 4929772403 | I6: =SUMIF(Cleaned_POs!$C$2:$C$4000, A6, Cleaned_POs!$K$2:$K$4000) -> 88935 | J6: =SUMIF(Cleaned_POs!$C$2:$C$4000, A6, Cleaned_POs!$L$2:$L$4000) -> 589 | K6: =IF(I6>0, J6/I6, 0) -> 0.0066228144
A7: SUP-06 | B7: =VLOOKUP(A7, Lookups!$A$2:$D$10, 2, FALSE()) -> Peripheral Source | C7: =COUNTIF(Cleaned_POs!$C$2:$C$4000, A7) -> 614 | D7: =COUNTIFS(Cleaned_POs!$C$2:$C$4000, A7, Cleaned_POs!$O$2:$O$4000, "Open") -> 7 | E7: =COUNTIFS(Cleaned_POs!$C$2:$C$4000, A7, Cleaned_POs!$O$2:$O$4000, "Delivered") -> 607 | F7: =COUNTIFS(Cleaned_POs!$C$2:$C$4000, A7, Cleaned_POs!$U$2:$U$4000, "Late") -> 342 | G7: =IF(E7>0, F7/E7, 0) -> 0.56342669 | H7: =SUMIF(Cleaned_POs!$C$2:$C$4000, A7, Cleaned_POs!$H$2:$H$4000) -> 372928938 | I7: =SUMIF(Cleaned_POs!$C$2:$C$4000, A7, Cleaned_POs!$K$2:$K$4000) -> 74359 | J7: =SUMIF(Cleaned_POs!$C$2:$C$4000, A7, Cleaned_POs!$L$2:$L$4000) -> 421 | K7: =IF(I7>0, J7/I7, 0) -> 0.0056617222
A8: SUP-07 | B8: =VLOOKUP(A8, Lookups!$A$2:$D$10, 2, FALSE()) -> NextGen Hardware | C8: =COUNTIF(Cleaned_POs!$C$2:$C$4000, A8) -> 506 | D8: =COUNTIFS(Cleaned_POs!$C$2:$C$4000, A8, Cleaned_POs!$O$2:$O$4000, "Open") -> 9 | E8: =COUNTIFS(Cleaned_POs!$C$2:$C$4000, A8, Cleaned_POs!$O$2:$O$4000, "Delivered") -> 497 | F8: =COUNTIFS(Cleaned_POs!$C$2:$C$4000, A8, Cleaned_POs!$U$2:$U$4000, "Late") -> 273 | G8: =IF(E8>0, F8/E8, 0) -> 0.54929577 | H8: =SUMIF(Cleaned_POs!$C$2:$C$4000, A8, Cleaned_POs!$H$2:$H$4000) -> 4443488711 | I8: =SUMIF(Cleaned_POs!$C$2:$C$4000, A8, Cleaned_POs!$K$2:$K$4000) -> 62902 | J8: =SUMIF(Cleaned_POs!$C$2:$C$4000, A8, Cleaned_POs!$L$2:$L$4000) -> 456 | K8: =IF(I8>0, J8/I8, 0) -> 0.007249372
A9: SUP-08 | B9: =VLOOKUP(A9, Lookups!$A$2:$D$10, 2, FALSE()) -> Premium Desks Ltd | C9: =COUNTIF(Cleaned_POs!$C$2:$C$4000, A9) -> 364 | D9: =COUNTIFS(Cleaned_POs!$C$2:$C$4000, A9, Cleaned_POs!$O$2:$O$4000, "Open") -> 6 | E9: =COUNTIFS(Cleaned_POs!$C$2:$C$4000, A9, Cleaned_POs!$O$2:$O$4000, "Delivered") -> 358 | F9: =COUNTIFS(Cleaned_POs!$C$2:$C$4000, A9, Cleaned_POs!$U$2:$U$4000, "Late") -> 231 | G9: =IF(E9>0, F9/E9, 0) -> 0.6452514 | H9: =SUMIF(Cleaned_POs!$C$2:$C$4000, A9, Cleaned_POs!$H$2:$H$4000) -> 773741858 | I9: =SUMIF(Cleaned_POs!$C$2:$C$4000, A9, Cleaned_POs!$K$2:$K$4000) -> 45923 | J9: =SUMIF(Cleaned_POs!$C$2:$C$4000, A9, Cleaned_POs!$L$2:$L$4000) -> 254 | K9: =IF(I9>0, J9/I9, 0) -> 0.0055309975

Sheet Inventory_Analysis
A1: Stock_Status | B1: Count
A2: Healthy | B2: =COUNTIF(Cleaned_Inventory!J2:J200, "Healthy") -> 115
A3: Excess | B3: =COUNTIF(Cleaned_Inventory!J2:J200, "Excess") -> 20
A4: Stockout Risk | B4: =COUNTIF(Cleaned_Inventory!J2:J200, "Stockout Risk") -> 25

Sheet Cleaned_Inventory
A1: SKU | B1: Warehouse_ID | C1: Target_Stock_Qty | D1: Reorder_Level_Qty | E1: Available_Stock_Qty | F1: Product_Name | G1: Category | H1: Unit_Cost | I1: Inventory_Value | J1: Stock_Health_Status
A2: SKU-1001 | B2: WH-BOM | C2: 20 | D2: 8 | E2: 13 | F2: =VLOOKUP(A2, Lookups!$A$12:$E$51, 2, FALSE()) -> Pro Laptop Model U | G2: =VLOOKUP(A2, Lookups!$A$12:$E$51, 3, FALSE()) -> Electronics | H2: =VLOOKUP(A2, Lookups!$A$12:$E$51, 4, FALSE()) -> 59592 | I2: =E2*H2 -> 774696 | J2: =IF(E2<D2, "Stockout Risk", IF(E2>(C2*1.2), "Excess", "Healthy")) -> Healthy
A3: SKU-1001 | B3: WH-DEL | C3: 10 | D3: 4 | E3: 5 | F3: =VLOOKUP(A3, Lookups!$A$12:$E$51, 2, FALSE()) -> Pro Laptop Model U | G3: =VLOOKUP(A3, Lookups!$A$12:$E$51, 3, FALSE()) -> Electronics | H3: =VLOOKUP(A3, Lookups!$A$12:$E$51, 4, FALSE()) -> 59592 | I3: =E3*H3 -> 297960 | J3: =IF(E3<D3, "Stockout Risk", IF(E3>(C3*1.2), "Excess", "Healthy")) -> Healthy
A4: SKU-1001 | B4: WH-BLR | C4: 30 | D4: 12 | E4: 29 | F4: =VLOOKUP(A4, Lookups!$A$12:$E$51, 2, FALSE()) -> Pro Laptop Model U | G4: =VLOOKUP(A4, Lookups!$A$12:$E$51, 3, FALSE()) -> Electronics | H4: =VLOOKUP(A4, Lookups!$A$12:$E$51, 4, FALSE()) -> 59592 | I4: =E4*H4 -> 1728168 | J4: =IF(E4<D4, "Stockout Risk", IF(E4>(C4*1.2), "Excess", "Healthy")) -> Healthy
A5: SKU-1001 | B5: WH-PUN | C5: 30 | D5: 12 | E5: 26 | F5: =VLOOKUP(A5, Lookups!$A$12:$E$51, 2, FALSE()) -> Pro Laptop Model U | G5: =VLOOKUP(A5, Lookups!$A$12:$E$51, 3, FALSE()) -> Electronics | H5: =VLOOKUP(A5, Lookups!$A$12:$E$51, 4, FALSE()) -> 59592 | I5: =E5*H5 -> 1549392 | J5: =IF(E5<D5, "Stockout Risk", IF(E5>(C5*1.2), "Excess", "Healthy")) -> Healthy
A6: SKU-1002 | B6: WH-BOM | C6: 20 | D6: 8 | E6: 22 | F6: =VLOOKUP(A6, Lookups!$A$12:$E$51, 2, FALSE()) -> Pro Laptop Model A | G6: =VLOOKUP(A6, Lookups!$A$12:$E$51, 3, FALSE()) -> Electronics | H6: =VLOOKUP(A6, Lookups!$A$12:$E$51, 4, FALSE()) -> 81048 | I6: =E6*H6 -> 1783056 | J6: =IF(E6<D6, "Stockout Risk", IF(E6>(C6*1.2), "Excess", "Healthy")) -> Healthy
A7: SKU-1002 | B7: WH-DEL | C7: 30 | D7: 12 | E7: 19 | F7: =VLOOKUP(A7, Lookups!$A$12:$E$51, 2, FALSE()) -> Pro Laptop Model A | G7: =VLOOKUP(A7, Lookups!$A$12:$E$51, 3, FALSE()) -> Electronics | H7: =VLOOKUP(A7, Lookups!$A$12:$E$51, 4, FALSE()) -> 81048 | I7: =E7*H7 -> 1539912 | J7: =IF(E7<D7, "Stockout Risk", IF(E7>(C7*1.2), "Excess", "Healthy")) -> Healthy
A8: SKU-1002 | B8: WH-BLR | C8: 30 | D8: 12 | E8: 13 | F8: =VLOOKUP(A8, Lookups!$A$12:$E$51, 2, FALSE()) -> Pro Laptop Model A | G8: =VLOOKUP(A8, Lookups!$A$12:$E$51, 3, FALSE()) -> Electronics | H8: =VLOOKUP(A8, Lookups!$A$12:$E$51, 4, FALSE()) -> 81048 | I8: =E8*H8 -> 1053624 | J8: =IF(E8<D8, "Stockout Risk", IF(E8>(C8*1.2), "Excess", "Healthy")) -> Healthy
A9: SKU-1002 | B9: WH-PUN | C9: 10 | D9: 4 | E9: 9 | F9: =VLOOKUP(A9, Lookups!$A$12:$E$51, 2, FALSE()) -> Pro Laptop Model A | G9: =VLOOKUP(A9, Lookups!$A$12:$E$51, 3, FALSE()) -> Electronics | H9: =VLOOKUP(A9, Lookups!$A$12:$E$51, 4, FALSE()) -> 81048 | I9: =E9*H9 -> 729432 | J9: =IF(E9<D9, "Stockout Risk", IF(E9>(C9*1.2), "Excess", "Healthy")) -> Healthy
A10: SKU-1003 | B10: WH-BOM | C10: 44 | D10: 17 | E10: 30 | F10: =VLOOKUP(A10, Lookups!$A$12:$E$51, 2, FALSE()) -> Enterprise Router 350X | G10: =VLOOKUP(A10, Lookups!$A$12:$E$51, 3, FALSE()) -> Networking | H10: =VLOOKUP(A10, Lookups!$A$12:$E$51, 4, FALSE()) -> 22314 | I10: =E10*H10 -> 669420 | J10: =IF(E10<D10, "Stockout Risk", IF(E10>(C10*1.2), "Excess", "Healthy")) -> Healthy
A11: SKU-1003 | B11: WH-DEL | C11: 66 | D11: 26 | E11: 119 | F11: =VLOOKUP(A11, Lookups!$A$12:$E$51, 2, FALSE()) -> Enterprise Router 350X | G11: =VLOOKUP(A11, Lookups!$A$12:$E$51, 3, FALSE()) -> Networking | H11: =VLOOKUP(A11, Lookups!$A$12:$E$51, 4, FALSE()) -> 22314 | I11: =E11*H11 -> 2655366 | J11: =IF(E11<D11, "Stockout Risk", IF(E11>(C11*1.2), "Excess", "Healthy")) -> Excess
A12: SKU-1003 | B12: WH-BLR | C12: 22 | D12: 8 | E12: 20 | F12: =VLOOKUP(A12, Lookups!$A$12:$E$51, 2, FALSE()) -> Enterprise Router 350X | G12: =VLOOKUP(A12, Lookups!$A$12:$E$51, 3, FALSE()) -> Networking | H12: =VLOOKUP(A12, Lookups!$A$12:$E$51, 4, FALSE()) -> 22314 | I12: =E12*H12 -> 446280 | J12: =IF(E12<D12, "Stockout Risk", IF(E12>(C12*1.2), "Excess", "Healthy")) -> Healthy
A13: SKU-1003 | B13: WH-PUN | C13: 66 | D13: 26 | E13: 42 | F13: =VLOOKUP(A13, Lookups!$A$12:$E$51, 2, FALSE()) -> Enterprise Router 350X | G13: =VLOOKUP(A13, Lookups!$A$12:$E$51, 3, FALSE()) -> Networking | H13: =VLOOKUP(A13, Lookups!$A$12:$E$51, 4, FALSE()) -> 22314 | I13: =E13*H13 -> 937188 | J13: =IF(E13<D13, "Stockout Risk", IF(E13>(C13*1.2), "Excess", "Healthy")) -> Healthy
... A161: SKU-1040 | B161: WH-PUN | C161: 222 | D161: 88 | E161: 231 | F161: =VLOOKUP(A161, Lookups!$A$12:$E$51, 2, FALSE()) -> Wireless Mouse 8 | G161: =VLOOKUP(A161, Lookups!$A$12:$E$51, 3, FALSE()) -> Peripherals | H161: =VLOOKUP(A161, Lookups!$A$12:$E$51, 4, FALSE()) -> 6707 | I161: =E161*H161 -> 1549317 | J161: =IF(E161<D161, "Stockout Risk", IF(E161>(C161*1.2), "Excess", "Healthy")) -> Healthy

Sheet Cleaned_POs
A1: PO_Number | B1: Order_Date | C1: Supplier_ID | D1: SKU | E1: Warehouse_ID | F1: Qty_Ordered | G1: Unit_Cost_INR | H1: Total_Order_Value_INR | I1: Promised_Delivery_Date | J1: Actual_Delivery_Date | K1: Qty_Received | L1: Qty_Rejected | M1: Order_Status | N1: Clean_PO_Number | O1: Clean_Status | P1: Clean_Warehouse | Q1: Supplier_Name_VLOOKUP | R1: Category_XLOOKUP | S1: Imputed_Promised_Date | T1: Days_To_Deliver | U1: Delivery_Status_IF | V1: Rejected_Rate
A2: PO-100001 | B2: 2026-06-16 | C2: SUP-05 | D2: SKU-1025 | E2: WH-DEL | F2: 213 | G2: 26270 | H2: 5595510 | I2: 2026-07-04 | J2: 2026-07-05 | K2: 213 | L2: 0 | M2: Delivered | N2: =TRIM(A2) -> PO-100001 | O2: =PROPER(TRIM(M2)) -> Delivered | P2: =TRIM(E2) -> WH-DEL | Q2: =VLOOKUP(C2, Lookups!$A$2:$D$10, 2, FALSE()) -> FastElectronics | R2: =_xlfn.XLOOKUP(D2, Lookups!$A$12:$A$51, Lookups!$C$12:$C$51, "Unknown") -> Networking | S2: =IF(ISBLANK(I2), B2+VLOOKUP(C2, Lookups!$A$2:$D$10, 4, FALSE()), I2) -> 2026-07-04 | T2: =IF(ISBLANK(J2), "", J2-B2) -> 19 | U2: =IF(O2="Open", "Open", IF(J2>S2, "Late", "On-Time")) -> Late | V2: =IF(K2>0, L2/K2, 0) -> 0
A3: PO-100002 | B3: 2026-09-19 | C3: SUP-01 | D3: SKU-1001 | E3: WH-BOM | F3: 142 | G3: 59592 | H3: 8462064 | I3: 2026-10-03 | J3: 2026-10-03 | K3: 142 | L3: 0 | M3: Delivered | N3: =TRIM(A3) -> PO-100002 | O3: =PROPER(TRIM(M3)) -> Delivered | P3: =TRIM(E3) -> WH-BOM | Q3: =VLOOKUP(C3, Lookups!$A$2:$D$10, 2, FALSE()) -> TechSupply Corp | R3: =_xlfn.XLOOKUP(D3, Lookups!$A$12:$A$51, Lookups!$C$12:$C$51, "Unknown") -> Electronics | S3: =IF(ISBLANK(I3), B3+VLOOKUP(C3, Lookups!$A$2:$D$10, 4, FALSE()), I3) -> 2026-10-03 | T3: =IF(ISBLANK(J3), "", J3-B3) -> 14 | U3: =IF(O3="Open", "Open", IF(J3>S3, "Late", "On-Time")) -> On-Time | V3: =IF(K3>0, L3/K3, 0) -> 0
A4: PO-100003 | B4: 2025-01-03 | C4: SUP-01 | D4: SKU-1002 | E4: WH-BOM | F4: 108 | G4: 81048 | H4: 8753184 | I4: 2025-01-17 | J4: 2025-01-17 | K4: 108 | L4: 0 | M4: Delivered | N4: =TRIM(A4) -> PO-100003 | O4: =PROPER(TRIM(M4)) -> Delivered | P4: =TRIM(E4) -> WH-BOM | Q4: =VLOOKUP(C4, Lookups!$A$2:$D$10, 2, FALSE()) -> TechSupply Corp | R4: =_xlfn.XLOOKUP(D4, Lookups!$A$12:$A$51, Lookups!$C$12:$C$51, "Unknown") -> Electronics | S4: =IF(ISBLANK(I4), B4+VLOOKUP(C4, Lookups!$A$2:$D$10, 4, FALSE()), I4) -> 2025-01-17 | T4: =IF(ISBLANK(J4), "", J4-B4) -> 14 | U4: =IF(O4="Open", "Open", IF(J4>S4, "Late", "On-Time")) -> On-Time | V4: =IF(K4>0, L4/K4, 0) -> 0
A5: PO-100004 | B5: 2026-05-22 | C5: SUP-02 | D5: SKU-1013 | E5: WH-PUN | F5: 199 | G5: 36295 | H5: 7222705 | I5: 2026-06-12 | J5: 2026-06-13 | K5: 199 | L5: 0 | M5: Delivered | N5: =TRIM(A5) -> PO-100004 | O5: =PROPER(TRIM(M5)) -> Delivered | P5: =TRIM(E5) -> WH-PUN | Q5: =VLOOKUP(C5, Lookups!$A$2:$D$10, 2, FALSE()) -> Global Networks | R5: =_xlfn.XLOOKUP(D5, Lookups!$A$12:$A$51, Lookups!$C$12:$C$51, "Unknown") -> Networking | S5: =IF(ISBLANK(I5), B5+VLOOKUP(C5, Lookups!$A$2:$D$10, 4, FALSE()), I5) -> 2026-06-12 | T5: =IF(ISBLANK(J5), "", J5-B5) -> 22 | U5: =IF(O5="Open", "Open", IF(J5>S5, "Late", "On-Time")) -> Late | V5: =IF(K5>0, L5/K5, 0) -> 0
A6: PO-100005 | B6: 2026-02-02 | C6: SUP-01 | D6: SKU-1001 | E6: WH-BLR | F6: 86 | G6: 59592 | H6: 5124912 | I6: 2026-02-16 | J6: 2026-02-16 | K6: 86 | L6: 0 | M6: Delivered | N6: =TRIM(A6) -> PO-100005 | O6: =PROPER(TRIM(M6)) -> Delivered | P6: =TRIM(E6) -> WH-BLR | Q6: =VLOOKUP(C6, Lookups!$A$2:$D$10, 2, FALSE()) -> TechSupply Corp | R6: =_xlfn.XLOOKUP(D6, Lookups!$A$12:$A$51, Lookups!$C$12:$C$51, "Unknown") -> Electronics | S6: =IF(ISBLANK(I6), B6+VLOOKUP(C6, Lookups!$A$2:$D$10, 4, FALSE()), I6) -> 2026-02-16 | T6: =IF(ISBLANK(J6), "", J6-B6) -> 14 | U6: =IF(O6="Open", "Open", IF(J6>S6, "Late", "On-Time")) -> On-Time | V6: =IF(K6>0, L6/K6, 0) -> 0
A7: PO-100006 | B7: 2026-07-15 | C7: SUP-08 | D7: SKU-1028 | E7: WH-PUN | F7: 76 | G7: 23054 | H7: 1752104 | I7: 2026-07-27 | J7: 2026-07-27 | K7: 76 | L7: 0 | M7: Delivered | N7: =TRIM(A7) -> PO-100006 | O7: =PROPER(TRIM(M7)) -> Delivered | P7: =TRIM(E7) -> WH-PUN | Q7: =VLOOKUP(C7, Lookups!$A$2:$D$10, 2, FALSE()) -> Premium Desks Ltd | R7: =_xlfn.XLOOKUP(D7, Lookups!$A$12:$A$51, Lookups!$C$12:$C$51, "Unknown") -> Office Furniture | S7: =IF(ISBLANK(I7), B7+VLOOKUP(C7, Lookups!$A$2:$D$10, 4, FALSE()), I7) -> 2026-07-27 | T7: =IF(ISBLANK(J7), "", J7-B7) -> 12 | U7: =IF(O7="Open", "Open", IF(J7>S7, "Late", "On-Time")) -> On-Time | V7: =IF(K7>0, L7/K7, 0) -> 0
A8: PO-100007 | B8: 2026-08-27 | C8: SUP-03 | D8: SKU-1033 | E8: WH-BLR | F8: 185 | G8: 7271 | H8: 1345135 | I8: 2026-09-03 | J8: 2026-09-02 | K8: 185 | L8: 0 | M8: Delivered | N8: =TRIM(A8) -> PO-100007 | O8: =PROPER(TRIM(M8)) -> Delivered | P8: =TRIM(E8) -> WH-BLR | Q8: =VLOOKUP(C8, Lookups!$A$2:$D$10, 2, FALSE()) -> OfficeDepot Pro | R8: =_xlfn.XLOOKUP(D8, Lookups!$A$12:$A$51, Lookups!$C$12:$C$51, "Unknown") -> Peripherals | S8: =IF(ISBLANK(I8), B8+VLOOKUP(C8, Lookups!$A$2:$D$10, 4, FALSE()), I8) -> 2026-09-03 | T8: =IF(ISBLANK(J8), "", J8-B8) -> 6 | U8: =IF(O8="Open", "Open", IF(J8>S8, "Late", "On-Time")) -> On-Time | V8: =IF(K8>0, L8/K8, 0) -> 0
A9: PO-100008 | B9: 2025-09-08 | C9: SUP-05 | D9: SKU-1029 | E9: WH-BOM | F9: 247 | G9: 19090 | H9: 4715230 | I9: 2025-09-26 | J9: 2025-09-29 | K9: 247 | L9: 0 | M9: Delivered | N9: =TRIM(A9) -> PO-100008 | O9: =PROPER(TRIM(M9)) -> Delivered | P9: =TRIM(E9) -> WH-BOM | Q9: =VLOOKUP(C9, Lookups!$A$2:$D$10, 2, FALSE()) -> FastElectronics | R9: =_xlfn.XLOOKUP(D9, Lookups!$A$12:$A$51, Lookups!$C$12:$C$51, "Unknown") -> Networking | S9: =IF(ISBLANK(I9), B9+VLOOKUP(C9, Lookups!$A$2:$D$10, 4, FALSE()), I9) -> 2025-09-26 | T9: =IF(ISBLANK(J9), "", J9-B9) -> 21 | U9: =IF(O9="Open", "Open", IF(J9>S9, "Late", "On-Time")) -> Late | V9: =IF(K9>0, L9/K9, 0) -> 0
A10: PO-100009 | B10: 2026-07-23 | C10: SUP-06 | D10: SKU-1024 | E10: WH-BLR | F10: 94 | G10: 4440 | H10: 417360 | I10: 2026-08-02 | J10: 2026-08-03 | K10: 94 | L10: 11 | M10: Delivered | N10: =TRIM(A10) -> PO-100009 | O10: =PROPER(TRIM(M10)) -> Delivered | P10: =TRIM(E10) -> WH-BLR | Q10: =VLOOKUP(C10, Lookups!$A$2:$D$10, 2, FALSE()) -> Peripheral Source | R10: =_xlfn.XLOOKUP(D10, Lookups!$A$12:$A$51, Lookups!$C$12:$C$51, "Unknown") -> Peripherals | S10: =IF(ISBLANK(I10), B10+VLOOKUP(C10, Lookups!$A$2:$D$10, 4, FALSE()), I10) -> 2026-08-02 | T10: =IF(ISBLANK(J10), "", J10-B10) -> 11 | U10: =IF(O10="Open", "Open", IF(J10>S10, "Late", "On-Time")) -> Late | V10: =IF(K10>0, L10/K10, 0) -> 0.11702128
A11: PO-100010 | B11: 2025-09-24 | C11: SUP-01 | D11: SKU-1001 | E11: WH-BOM | F11: 102 | G11: 59592 | H11: 6078384 | I11: 2025-10-08 | J11: 2025-10-05 | K11: 102 | L11: 0 | M11: Delivered | N11: =TRIM(A11) -> PO-100010 | O11: =PROPER(TRIM(M11)) -> Delivered | P11: =TRIM(E11) -> WH-BOM | Q11: =VLOOKUP(C11, Lookups!$A$2:$D$10, 2, FALSE()) -> TechSupply Corp | R11: =_xlfn.XLOOKUP(D11, Lookups!$A$12:$A$51, Lookups!$C$12:$C$51, "Unknown") -> Electronics | S11: =IF(ISBLANK(I11), B11+VLOOKUP(C11, Lookups!$A$2:$D$10, 4, FALSE()), I11) -> 2025-10-08 | T11: =IF(ISBLANK(J11), "", J11-B11) -> 11 | U11: =IF(O11="Open", "Open", IF(J11>S11, "Late", "On-Time")) -> On-Time | V11: =IF(K11>0, L11/K11, 0) -> 0
A12: PO-100011 | B12: 2026-04-03 | C12: SUP-06 | D12: SKU-1021 | E12: WH-PUN | F12: 157 | G12: 7754 | H12: 1217378 | I12: 2026-04-13 | J12: 2026-04-14 | K12: 157 | L12: 0 | M12: Delivered | N12: =TRIM(A12) -> PO-100011 | O12: =PROPER(TRIM(M12)) -> Delivered | P12: =TRIM(E12) -> WH-PUN | Q12: =VLOOKUP(C12, Lookups!$A$2:$D$10, 2, FALSE()) -> Peripheral Source | R12: =_xlfn.XLOOKUP(D12, Lookups!$A$12:$A$51, Lookups!$C$12:$C$51, "Unknown") -> Peripherals | S12: =IF(ISBLANK(I12), B12+VLOOKUP(C12, Lookups!$A$2:$D$10, 4, FALSE()), I12) -> 2026-04-13 | T12: =IF(ISBLANK(J12), "", J12-B12) -> 11 | U12: =IF(O12="Open", "Open", IF(J12>S12, "Late", "On-Time")) -> Late | V12: =IF(K12>0, L12/K12, 0) -> 0
A13: PO-100012 | B13: 2025-10-07 | C13: SUP-02 | D13: SKU-1026 | E13: WH-PUN | F13: 123 | G13: 23667 | H13: 2911041 | I13: 2025-10-28 | J13: 2025-10-30 | K13: 96 | L13: 0 | M13: Delivered | N13: =TRIM(A13) -> PO-100012 | O13: =PROPER(TRIM(M13)) -> Delivered | P13: =TRIM(E13) -> WH-PUN | Q13: =VLOOKUP(C13, Lookups!$A$2:$D$10, 2, FALSE()) -> Global Networks | R13: =_xlfn.XLOOKUP(D13, Lookups!$A$12:$A$51, Lookups!$C$12:$C$51, "Unknown") -> Networking | S13: =IF(ISBLANK(I13), B13+VLOOKUP(C13, Lookups!$A$2:$D$10, 4, FALSE()), I13) -> 2025-10-28 | T13: =IF(ISBLANK(J13), "", J13-B13) -> 23 | U13: =IF(O13="Open", "Open", IF(J13>S13, "Late", "On-Time")) -> Late | V13: =IF(K13>0, L13/K13, 0) -> 0
... A52: PO-100051 | B52: 2025-08-17 | C52: SUP-05 | D52: SKU-1022 | E52: WH-DEL | F52: 190 | G52: 58396 | H52: 11095240 | I52: 2025-09-04 | J52: 2025-09-13 | K52: 190 | L52: 0 | M52: Delivered | N52: =TRIM(A52) -> PO-100051 | O52: =PROPER(TRIM(M52)) -> Delivered | P52: =TRIM(E52) -> WH-DEL | Q52: =VLOOKUP(C52, Lookups!$A$2:$D$10, 2, FALSE()) -> FastElectronics | R52: =_xlfn.XLOOKUP(D52, Lookups!$A$12:$A$51, Lookups!$C$12:$C$51, "Unknown") -> Electronics | S52: =IF(ISBLANK(I52), B52+VLOOKUP(C52, Lookups!$A$2:$D$10, 4, FALSE()), I52) -> 2025-09-04 | T52: =IF(ISBLANK(J52), "", J52-B52) -> 27 | U52: =IF(O52="Open", "Open", IF(J52>S52, "Late", "On-Time")) -> Late | V52: =IF(K52>0, L52/K52, 0) -> 0
A53: PO-100052 | B53: 2026-11-24 | C53: SUP-05 | D53: SKU-1029 | E53: WH-BOM | F53: 130 | G53: 19090 | H53: 2481700 | K53: 0 | L53: 0 | M53: Open | N53: =TRIM(A53) -> PO-100052 | O53: =PROPER(TRIM(M53)) -> Open | P53: =TRIM(E53) -> WH-BOM | Q53: =VLOOKUP(C53, Lookups!$A$2:$D$10, 2, FALSE()) -> FastElectronics | R53: =_xlfn.XLOOKUP(D53, Lookups!$A$12:$A$51, Lookups!$C$12:$C$51, "Unknown") -> Networking | S53: =IF(ISBLANK(I53), B53+VLOOKUP(C53, Lookups!$A$2:$D$10, 4, FALSE()), I53) -> 46368 | T53: =IF(ISBLANK(J53), "", J53-B53) | U53: =IF(O53="Open", "Open", IF(J53>S53, "Late", "On-Time")) -> Open | V53: =IF(K53>0, L53/K53, 0) -> 0
A54: PO-100053 | B54: 2025-02-27 | C54: SUP-02 | D54: SKU-1015 | E54: WH-PUN | F54: 38 | G54: 29719 | H54: 1129322 | I54: 2025-03-20 | J54: 2025-03-20 | K54: 38 | L54: 0 | M54: delivered | N54: =TRIM(A54) -> PO-100053 | O54: =PROPER(TRIM(M54)) -> Delivered | P54: =TRIM(E54) -> WH-PUN | Q54: =VLOOKUP(C54, Lookups!$A$2:$D$10, 2, FALSE()) -> Global Networks | R54: =_xlfn.XLOOKUP(D54, Lookups!$A$12:$A$51, Lookups!$C$12:$C$51, "Unknown") -> Networking | S54: =IF(ISBLANK(I54), B54+VLOOKUP(C54, Lookups!$A$2:$D$10, 4, FALSE()), I54) -> 2025-03-20 | T54: =IF(ISBLANK(J54), "", J54-B54) -> 21 | U54: =IF(O54="Open", "Open", IF(J54>S54, "Late", "On-Time")) -> On-Time | V54: =IF(K54>0, L54/K54, 0) -> 0
A55: PO-100054 | B55: 2026-06-09 | C55: SUP-01 | D55: SKU-1008 | E55: WH-PUN | F55: 223 | G55: 48905 | H55: 10905815 | I55: 2026-06-23 | J55: 2026-06-28 | K55: 223 | L55: 0 | M55: Delivered | N55: =TRIM(A55) -> PO-100054 | O55: =PROPER(TRIM(M55)) -> Delivered | P55: =TRIM(E55) -> WH-PUN | Q55: =VLOOKUP(C55, Lookups!$A$2:$D$10, 2, FALSE()) -> TechSupply Corp | R55: =_xlfn.XLOOKUP(D55, Lookups!$A$12:$A$51, Lookups!$C$12:$C$51, "Unknown") -> Electronics | S55: =IF(ISBLANK(I55), B55+VLOOKUP(C55, Lookups!$A$2:$D$10, 4, FALSE()), I55) -> 2026-06-23 | T55: =IF(ISBLANK(J55), "", J55-B55) -> 19 | U55: =IF(O55="Open", "Open", IF(J55>S55, "Late", "On-Time")) -> Late | V55: =IF(K55>0, L55/K55, 0) -> 0
A56: PO-100055 | B56: 2026-08-26 | C56: SUP-05 | D56: SKU-1025 | E56: WH-BLR | F56: 133 | G56: 26270 | H56: 3493910 | I56: 2026-09-13 | J56: 2026-09-13 | K56: 133 | L56: 0 | M56: Delivered | N56: =TRIM(A56) -> PO-100055 | O56: =PROPER(TRIM(M56)) -> Delivered | P56: =TRIM(E56) -> WH-BLR | Q56: =VLOOKUP(C56, Lookups!$A$2:$D$10, 2, FALSE()) -> FastElectronics | R56: =_xlfn.XLOOKUP(D56, Lookups!$A$12:$A$51, Lookups!$C$12:$C$51, "Unknown") -> Networking | S56: =IF(ISBLANK(I56), B56+VLOOKUP(C56, Lookups!$A$2:$D$10, 4, FALSE()), I56) -> 2026-09-13 | T56: =IF(ISBLANK(J56), "", J56-B56) -> 18 | U56: =IF(O56="Open", "Open", IF(J56>S56, "Late", "On-Time")) -> On-Time | V56: =IF(K56>0, L56/K56, 0) -> 0
A57: PO-100056 | B57: 2025-08-21 | C57: SUP-05 | D57: SKU-1003 | E57: WH-PUN | F57: 234 | G57: 22314 | H57: 5221476 | I57: 2025-09-08 | J57: 2025-09-08 | K57: 234 | L57: 19 | M57: Delivered | N57: =TRIM(A57) -> PO-100056 | O57: =PROPER(TRIM(M57)) -> Delivered | P57: =TRIM(E57) -> WH-PUN | Q57: =VLOOKUP(C57, Lookups!$A$2:$D$10, 2, FALSE()) -> FastElectronics | R57: =_xlfn.XLOOKUP(D57, Lookups!$A$12:$A$51, Lookups!$C$12:$C$51, "Unknown") -> Networking | S57: =IF(ISBLANK(I57), B57+VLOOKUP(C57, Lookups!$A$2:$D$10, 4, FALSE()), I57) -> 2025-09-08 | T57: =IF(ISBLANK(J57), "", J57-B57) -> 18 | U57: =IF(O57="Open", "Open", IF(J57>S57, "Late", "On-Time")) -> On-Time | V57: =IF(K57>0, L57/K57, 0) -> 0.081196581
A58: PO-100057 | B58: 2026-07-15 | C58: SUP-01 | D58: SKU-1001 | E58: WH-BLR | F58: 210 | G58: 59592 | H58: 12514320 | I58: 2026-07-29 | J58: 2026-07-29 | K58: 188 | L58: 0 | M58: Delivered | N58: =TRIM(A58) -> PO-100057 | O58: =PROPER(TRIM(M58)) -> Delivered | P58: =TRIM(E58) -> WH-BLR | Q58: =VLOOKUP(C58, Lookups!$A$2:$D$10, 2, FALSE()) -> TechSupply Corp | R58: =_xlfn.XLOOKUP(D58, Lookups!$A$12:$A$51, Lookups!$C$12:$C$51, "Unknown") -> Electronics | S58: =IF(ISBLANK(I58), B58+VLOOKUP(C58, Lookups!$A$2:$D$10, 4, FALSE()), I58) -> 2026-07-29 | T58: =IF(ISBLANK(J58), "", J58-B58) -> 14 | U58: =IF(O58="Open", "Open", IF(J58>S58, "Late", "On-Time")) -> On-Time | V58: =IF(K58>0, L58/K58, 0) -> 0
A59: PO-100058 | B59: 2025-10-28 | C59: SUP-02 | D59: SKU-1013 | E59: WH-DEL | F59: 64 | G59: 36295 | H59: 2322880 | I59: 2025-11-18 | J59: 2025-11-18 | K59: 64 | L59: 0 | M59: Delivered | N59: =TRIM(A59) -> PO-100058 | O59: =PROPER(TRIM(M59)) -> Delivered | P59: =TRIM(E59) -> WH-DEL | Q59: =VLOOKUP(C59, Lookups!$A$2:$D$10, 2, FALSE()) -> Global Networks | R59: =_xlfn.XLOOKUP(D59, Lookups!$A$12:$A$51, Lookups!$C$12:$C$51, "Unknown") -> Networking | S59: =IF(ISBLANK(I59), B59+VLOOKUP(C59, Lookups!$A$2:$D$10, 4, FALSE()), I59) -> 2025-11-18 | T59: =IF(ISBLANK(J59), "", J59-B59) -> 21 | U59: =IF(O59="Open", "Open", IF(J59>S59, "Late", "On-Time")) -> On-Time | V59: =IF(K59>0, L59/K59, 0) -> 0
A60: PO-100059 | B60: 2026-02-05 | C60: SUP-04 | D60: SKU-1038 | E60: WH-BOM | F60: 212 | G60: 11309 | H60: 2397508 | I60: 2026-03-07 | J60: 2026-03-08 | K60: 212 | L60: 0 | M60: Delivered | N60: =TRIM(A60) -> PO-100059 | O60: =PROPER(TRIM(M60)) -> Delivered | P60: =TRIM(E60) -> WH-BOM | Q60: =VLOOKUP(C60, Lookups!$A$2:$D$10, 2, FALSE()) -> MegaFurnish | R60: =_xlfn.XLOOKUP(D60, Lookups!$A$12:$A$51, Lookups!$C$12:$C$51, "Unknown") -> Office Furniture | S60: =IF(ISBLANK(I60), B60+VLOOKUP(C60, Lookups!$A$2:$D$10, 4, FALSE()), I60) -> 2026-03-07 | T60: =IF(ISBLANK(J60), "", J60-B60) -> 31 | U60: =IF(O60="Open", "Open", IF(J60>S60, "Late", "On-Time")) -> Late | V60: =IF(K60>0, L60/K60, 0) -> 0
A61: PO-100060 | B61: 2025-09-23 | C61: SUP-02 | D61: SKU-1026 | E61: WH-PUN | F61: 15 | G61: 23667 | H61: 355005 | I61: 2025-10-14 | J61: 2025-10-15 | K61: 15 | L61: 0 | M61: Delivered | N61: =TRIM(A61) -> PO-100060 | O61: =PROPER(TRIM(M61)) -> Delivered | P61: =TRIM(E61) -> WH-PUN | Q61: =VLOOKUP(C61, Lookups!$A$2:$D$10, 2, FALSE()) -> Global Networks | R61: =_xlfn.XLOOKUP(D61, Lookups!$A$12:$A$51, Lookups!$C$12:$C$51, "Unknown") -> Networking | S61: =IF(ISBLANK(I61), B61+VLOOKUP(C61, Lookups!$A$2:$D$10, 4, FALSE()), I61) -> 2025-10-14 | T61: =IF(ISBLANK(J61), "", J61-B61) -> 22 | U61: =IF(O61="Open", "Open", IF(J61>S61, "Late", "On-Time")) -> Late | V61: =IF(K61>0, L61/K61, 0) -> 0
A62: PO-100061 | B62: 2026-03-24 | C62: SUP-06 | D62: SKU-1040 | E62: WH-BOM | F62: 72 | G62: 6707 | H62: 482904 | I62: 2026-04-03 | J62: 2026-04-04 | K62: 72 | L62: 0 | M62: Delivered | N62: =TRIM(A62) -> PO-100061 | O62: =PROPER(TRIM(M62)) -> Delivered | P62: =TRIM(E62) -> WH-BOM | Q62: =VLOOKUP(C62, Lookups!$A$2:$D$10, 2, FALSE()) -> Peripheral Source | R62: =_xlfn.XLOOKUP(D62, Lookups!$A$12:$A$51, Lookups!$C$12:$C$51, "Unknown") -> Peripherals | S62: =IF(ISBLANK(I62), B62+VLOOKUP(C62, Lookups!$A$2:$D$10, 4, FALSE()), I62) -> 2026-04-03 | T62: =IF(ISBLANK(J62), "", J62-B62) -> 11 | U62: =IF(O62="Open", "Open", IF(J62>S62, "Late", "On-Time")) -> Late | V62: =IF(K62>0, L62/K62, 0) -> 0
A63: PO-100062 | B63: 2025-05-26 | C63: SUP-06 | D63: SKU-1006 | E63: WH-BLR | F63: 24 | G63: 2212 | H63: 53088 | I63: 2025-06-05 | J63: 2025-06-06 | K63: 24 | L63: 0 | M63: Delivered | N63: =TRIM(A63) -> PO-100062 | O63: =PROPER(TRIM(M63)) -> Delivered | P63: =TRIM(E63) -> WH-BLR | Q63: =VLOOKUP(C63, Lookups!$A$2:$D$10, 2, FALSE()) -> Peripheral Source | R63: =_xlfn.XLOOKUP(D63, Lookups!$A$12:$A$51, Lookups!$C$12:$C$51, "Unknown") -> Peripherals | S63: =IF(ISBLANK(I63), B63+VLOOKUP(C63, Lookups!$A$2:$D$10, 4, FALSE()), I63) -> 2025-06-05 | T63: =IF(ISBLANK(J63), "", J63-B63) -> 11 | U63: =IF(O63="Open", "Open", IF(J63>S63, "Late", "On-Time")) -> Late | V63: =IF(K63>0, L63/K63, 0) -> 0
A64: PO-100063 | B64: 2026-02-02 | C64: SUP-02 | D64: SKU-1005 | E64: WH-BOM | F64: 132 | G64: 39270 | H64: 5183640 | I64: 2026-02-23 | J64: 2026-02-23 | K64: 132 | L64: 17 | M64: Delivered | N64: =TRIM(A64) -> PO-100063 | O64: =PROPER(TRIM(M64)) -> Delivered | P64: =TRIM(E64) -> WH-BOM | Q64: =VLOOKUP(C64, Lookups!$A$2:$D$10, 2, FALSE()) -> Global Networks | R64: =_xlfn.XLOOKUP(D64, Lookups!$A$12:$A$51, Lookups!$C$12:$C$51, "Unknown") -> Networking | S64: =IF(ISBLANK(I64), B64+VLOOKUP(C64, Lookups!$A$2:$D$10, 4, FALSE()), I64) -> 2026-02-23 | T64: =IF(ISBLANK(J64), "", J64-B64) -> 21 | U64: =IF(O64="Open", "Open", IF(J64>S64, "Late", "On-Time")) -> On-Time | V64: =IF(K64>0, L64/K64, 0) -> 0.12878788
A65: PO-100064 | B65: 2025-09-22 | C65: SUP-07 | D65: SKU-1011 | E65: WH-BLR | F65: 227 | G65: 48478 | H65: 11004506 | I65: 2025-10-16 | J65: 2025-10-12 | K65: 227 | L65: 0 | M65: Delivered | N65: =TRIM(A65) -> PO-100064 | O65: =PROPER(TRIM(M65)) -> Delivered | P65: =TRIM(E65) -> WH-BLR | Q65: =VLOOKUP(C65, Lookups!$A$2:$D$10, 2, FALSE()) -> NextGen Hardware | R65: =_xlfn.XLOOKUP(D65, Lookups!$A$12:$A$51, Lookups!$C$12:$C$51, "Unknown") -> Electronics | S65: =IF(ISBLANK(I65), B65+VLOOKUP(C65, Lookups!$A$2:$D$10, 4, FALSE()), I65) -> 2025-10-16 | T65: =IF(ISBLANK(J65), "", J65-B65) -> 20 | U65: =IF(O65="Open", "Open", IF(J65>S65, "Late", "On-Time")) -> On-Time | V65: =IF(K65>0, L65/K65, 0) -> 0
... A187: PO-100186 | B187: 2025-11-12 | C187: SUP-06 | D187: SKU-1040 | E187: WH-BLR | F187: 53 | G187: 6707 | H187: 355471 | I187: 2025-11-22 | J187: 2025-11-23 | K187: 53 | L187: 0 | M187: Delivered | N187: =TRIM(A187) -> PO-100186 | O187: =PROPER(TRIM(M187)) -> Delivered | P187: =TRIM(E187) -> WH-BLR | Q187: =VLOOKUP(C187, Lookups!$A$2:$D$10, 2, FALSE()) -> Peripheral Source | R187: =_xlfn.XLOOKUP(D187, Lookups!$A$12:$A$51, Lookups!$C$12:$C$51, "Unknown") -> Peripherals | S187: =IF(ISBLANK(I187), B187+VLOOKUP(C187, Lookups!$A$2:$D$10, 4, FALSE()), I187) -> 2025-11-22 | T187: =IF(ISBLANK(J187), "", J187-B187) -> 11 | U187: =IF(O187="Open", "Open", IF(J187>S187, "Late", "On-Time")) -> Late | V187: =IF(K187>0, L187/K187, 0) -> 0
A188: PO-100187 | B188: 2026-12-14 | C188: SUP-04 | D188: SKU-1038 | E188: WH-DEL | F188: 236 | G188: 11309 | H188: 2668924 | I188: 2027-01-13 | K188: 0 | L188: 0 | M188: Open | N188: =TRIM(A188) -> PO-100187 | O188: =PROPER(TRIM(M188)) -> Open | P188: =TRIM(E188) -> WH-DEL | Q188: =VLOOKUP(C188, Lookups!$A$2:$D$10, 2, FALSE()) -> MegaFurnish | R188: =_xlfn.XLOOKUP(D188, Lookups!$A$12:$A$51, Lookups!$C$12:$C$51, "Unknown") -> Office Furniture | S188: =IF(ISBLANK(I188), B188+VLOOKUP(C188, Lookups!$A$2:$D$10, 4, FALSE()), I188) -> 2027-01-13 | T188: =IF(ISBLANK(J188), "", J188-B188) | U188: =IF(O188="Open", "Open", IF(J188>S188, "Late", "On-Time")) -> Open | V188: =IF(K188>0, L188/K188, 0) -> 0
A189: PO-100188 | B189: 2025-12-01 | C189: SUP-07 | D189: SKU-1020 | E189: WH-BOM | F189: 38 | G189: 65379 | H189: 2484402 | I189: 2025-12-25 | J189: 2025-12-26 | K189: 38 | L189: 0 | M189: Delivered | N189: =TRIM(A189) -> PO-100188 | O189: =PROPER(TRIM(M189)) -> Delivered | P189: =TRIM(E189) -> WH-BOM | Q189: =VLOOKUP(C189, Lookups!$A$2:$D$10, 2, FALSE()) -> NextGen Hardware | R189: =_xlfn.XLOOKUP(D189, Lookups!$A$12:$A$51, Lookups!$C$12:$C$51, "Unknown") -> Electronics | S189: =IF(ISBLANK(I189), B189+VLOOKUP(C189, Lookups!$A$2:$D$10, 4, FALSE()), I189) -> 2025-12-25 | T189: =IF(ISBLANK(J189), "", J189-B189) -> 25 | U189: =IF(O189="Open", "Open", IF(J189>S189, "Late", "On-Time")) -> Late | V189: =IF(K189>0, L189/K189, 0) -> 0
A190: PO-100189 | B190: 2026-09-06 | C190: SUP-07 | D190: SKU-1012 | E190: WH-BOM | F190: 167 | G190: 71062 | H190: 11867354 | I190: 2026-09-30 | J190: 2026-10-01 | K190: 167 | L190: 0 | M190: Delivered | N190: =TRIM(A190) -> PO-100189 | O190: =PROPER(TRIM(M190)) -> Delivered | P190: =TRIM(E190) -> WH-BOM | Q190: =VLOOKUP(C190, Lookups!$A$2:$D$10, 2, FALSE()) -> NextGen Hardware | R190: =_xlfn.XLOOKUP(D190, Lookups!$A$12:$A$51, Lookups!$C$12:$C$51, "Unknown") -> Electronics | S190: =IF(ISBLANK(I190), B190+VLOOKUP(C190, Lookups!$A$2:$D$10, 4, FALSE()), I190) -> 2026-09-30 | T190: =IF(ISBLANK(J190), "", J190-B190) -> 25 | U190: =IF(O190="Open", "Open", IF(J190>S190, "Late", "On-Time")) -> Late | V190: =IF(K190>0, L190/K190, 0) -> 0
A191: PO-100190 | B191: 2026-09-14 | C191: SUP-02 | D191: SKU-1034 | E191: WH-DEL | F191: 79 | G191: 16501 | H191: 1303579 | I191: 2026-10-05 | J191: 2026-10-06 | K191: 79 | L191: 0 | M191: Delivered | N191: =TRIM(A191) -> PO-100190 | O191: =PROPER(TRIM(M191)) -> Delivered | P191: =TRIM(E191) -> WH-DEL | Q191: =VLOOKUP(C191, Lookups!$A$2:$D$10, 2, FALSE()) -> Global Networks | R191: =_xlfn.XLOOKUP(D191, Lookups!$A$12:$A$51, Lookups!$C$12:$C$51, "Unknown") -> Networking | S191: =IF(ISBLANK(I191), B191+VLOOKUP(C191, Lookups!$A$2:$D$10, 4, FALSE()), I191) -> 2026-10-05 | T191: =IF(ISBLANK(J191), "", J191-B191) -> 22 | U191: =IF(O191="Open", "Open", IF(J191>S191, "Late", "On-Time")) -> Late | V191: =IF(K191>0, L191/K191, 0) -> 0
A192: PO-100191 | B192: 2025-02-25 | C192: SUP-01 | D192: SKU-1010 | E192: WH-BOM | F192: 129 | G192: 111237 | H192: 14349573 | I192: 2025-03-11 | J192: 2025-03-11 | K192: 129 | L192: 0 | M192: Delivered | N192: =TRIM(A192) -> PO-100191 | O192: =PROPER(TRIM(M192)) -> Delivered | P192: =TRIM(E192) -> WH-BOM | Q192: =VLOOKUP(C192, Lookups!$A$2:$D$10, 2, FALSE()) -> TechSupply Corp | R192: =_xlfn.XLOOKUP(D192, Lookups!$A$12:$A$51, Lookups!$C$12:$C$51, "Unknown") -> Electronics | S192: =IF(ISBLANK(I192), B192+VLOOKUP(C192, Lookups!$A$2:$D$10, 4, FALSE()), I192) -> 2025-03-11 | T192: =IF(ISBLANK(J192), "", J192-B192) -> 14 | U192: =IF(O192="Open", "Open", IF(J192>S192, "Late", "On-Time")) -> On-Time | V192: =IF(K192>0, L192/K192, 0) -> 0
A193: PO-100192 | B193: 2025-01-06 | C193: SUP-05 | D193: SKU-1025 | E193: WH-PUN | F193: 174 | G193: 26270 | H193: 4570980 | I193: 2025-01-24 | J193: 2025-01-24 | K193: 174 | L193: 0 | M193: Delivered | N193: =TRIM(A193) -> PO-100192 | O193: =PROPER(TRIM(M193)) -> Delivered | P193: =TRIM(E193) -> WH-PUN | Q193: =VLOOKUP(C193, Lookups!$A$2:$D$10, 2, FALSE()) -> FastElectronics | R193: =_xlfn.XLOOKUP(D193, Lookups!$A$12:$A$51, Lookups!$C$12:$C$51, "Unknown") -> Networking | S193: =IF(ISBLANK(I193), B193+VLOOKUP(C193, Lookups!$A$2:$D$10, 4, FALSE()), I193) -> 2025-01-24 | T193: =IF(ISBLANK(J193), "", J193-B193) -> 18 | U193: =IF(O193="Open", "Open", IF(J193>S193, "Late", "On-Time")) -> On-Time | V193: =IF(K193>0, L193/K193, 0) -> 0
A194: PO-100193 | B194: 2026-10-23 | C194: SUP-02 | D194: SKU-1034 | E194: WH-BOM | F194: 36 | G194: 16501 | H194: 594036 | I194: 2026-11-13 | J194: 2026-11-14 | K194: 36 | L194: 0 | M194: Delivered | N194: =TRIM(A194) -> PO-100193 | O194: =PROPER(TRIM(M194)) -> Delivered | P194: =TRIM(E194) -> WH-BOM | Q194: =VLOOKUP(C194, Lookups!$A$2:$D$10, 2, FALSE()) -> Global Networks | R194: =_xlfn.XLOOKUP(D194, Lookups!$A$12:$A$51, Lookups!$C$12:$C$51, "Unknown") -> Networking | S194: =IF(ISBLANK(I194), B194+VLOOKUP(C194, Lookups!$A$2:$D$10, 4, FALSE()), I194) -> 2026-11-13 | T194: =IF(ISBLANK(J194), "", J194-B194) -> 22 | U194: =IF(O194="Open", "Open", IF(J194>S194, "Late", "On-Time")) -> Late | V194: =IF(K194>0, L194/K194, 0) -> 0
A195: PO-100194 | B195: 2026-11-05 | C195: SUP-01 | D195: SKU-1010 | E195: WH-BOM | F195: 94 | G195: 111237 | H195: 10456278 | I195: 2026-11-19 | J195: 2026-11-28 | K195: 94 | L195: 0 | M195: Delivered | N195: =TRIM(A195) -> PO-100194 | O195: =PROPER(TRIM(M195)) -> Delivered | P195: =TRIM(E195) -> WH-BOM | Q195: =VLOOKUP(C195, Lookups!$A$2:$D$10, 2, FALSE()) -> TechSupply Corp | R195: =_xlfn.XLOOKUP(D195, Lookups!$A$12:$A$51, Lookups!$C$12:$C$51, "Unknown") -> Electronics | S195: =IF(ISBLANK(I195), B195+VLOOKUP(C195, Lookups!$A$2:$D$10, 4, FALSE()), I195) -> 2026-11-19 | T195: =IF(ISBLANK(J195), "", J195-B195) -> 23 | U195: =IF(O195="Open", "Open", IF(J195>S195, "Late", "On-Time")) -> Late | V195: =IF(K195>0, L195/K195, 0) -> 0
A196: PO-100195 | B196: 2025-02-25 | C196: SUP-07 | D196: SKU-1039 | E196: WH-DEL | F196: 115 | G196: 81434 | H196: 9364910 | I196: 2025-03-21 | J196: 2025-03-21 | K196: 115 | L196: 1 | M196: Delivered | N196: =TRIM(A196) -> PO-100195 | O196: =PROPER(TRIM(M196)) -> Delivered | P196: =TRIM(E196) -> WH-DEL | Q196: =VLOOKUP(C196, Lookups!$A$2:$D$10, 2, FALSE()) -> NextGen Hardware | R196: =_xlfn.XLOOKUP(D196, Lookups!$A$12:$A$51, Lookups!$C$12:$C$51, "Unknown") -> Electronics | S196: =IF(ISBLANK(I196), B196+VLOOKUP(C196, Lookups!$A$2:$D$10, 4, FALSE()), I196) -> 2025-03-21 | T196: =IF(ISBLANK(J196), "", J196-B196) -> 24 | U196: =IF(O196="Open", "Open", IF(J196>S196, "Late", "On-Time")) -> On-Time | V196: =IF(K196>0, L196/K196, 0) -> 0.0086956522
A197: PO-100196 | B197: 2026-06-10 | C197: SUP-01 | D197: SKU-1035 | E197: WH-BOM | F197: 142 | G197: 74871 | H197: 10631682 | I197: 2026-06-24 | J197: 2026-06-24 | K197: 142 | L197: 0 | M197: Delivered | N197: =TRIM(A197) -> PO-100196 | O197: =PROPER(TRIM(M197)) -> Delivered | P197: =TRIM(E197) -> WH-BOM | Q197: =VLOOKUP(C197, Lookups!$A$2:$D$10, 2, FALSE()) -> TechSupply Corp | R197: =_xlfn.XLOOKUP(D197, Lookups!$A$12:$A$51, Lookups!$C$12:$C$51, "Unknown") -> Electronics | S197: =IF(ISBLANK(I197), B197+VLOOKUP(C197, Lookups!$A$2:$D$10, 4, FALSE()), I197) -> 2026-06-24 | T197: =IF(ISBLANK(J197), "", J197-B197) -> 14 | U197: =IF(O197="Open", "Open", IF(J197>S197, "Late", "On-Time")) -> On-Time | V197: =IF(K197>0, L197/K197, 0) -> 0
A198: PO-100197 | B198: 2026-06-26 | C198: SUP-07 | D198: SKU-1011 | E198: WH-PUN | F198: 150 | G198: 48478 | H198: 7271700 | I198: 2026-07-20 | J198: 2026-08-04 | K198: 150 | L198: 0 | M198: Delivered | N198: =TRIM(A198) -> PO-100197 | O198: =PROPER(TRIM(M198)) -> Delivered | P198: =TRIM(E198) -> WH-PUN | Q198: =VLOOKUP(C198, Lookups!$A$2:$D$10, 2, FALSE()) -> NextGen Hardware | R198: =_xlfn.XLOOKUP(D198, Lookups!$A$12:$A$51, Lookups!$C$12:$C$51, "Unknown") -> Electronics | S198: =IF(ISBLANK(I198), B198+VLOOKUP(C198, Lookups!$A$2:$D$10, 4, FALSE()), I198) -> 2026-07-20 | T198: =IF(ISBLANK(J198), "", J198-B198) -> 39 | U198: =IF(O198="Open", "Open", IF(J198>S198, "Late", "On-Time")) -> Late | V198: =IF(K198>0, L198/K198, 0) -> 0
A199: PO-100198 | B199: 2026-06-24 | C199: SUP-06 | D199: SKU-1021 | E199: WH-BOM | F199: 179 | G199: 7754 | H199: 1387966 | I199: 2026-07-04 | J199: 2026-07-05 | K199: 179 | L199: 0 | M199: Delivered | N199: =TRIM(A199) -> PO-100198 | O199: =PROPER(TRIM(M199)) -> Delivered | P199: =TRIM(E199) -> WH-BOM | Q199: =VLOOKUP(C199, Lookups!$A$2:$D$10, 2, FALSE()) -> Peripheral Source | R199: =_xlfn.XLOOKUP(D199, Lookups!$A$12:$A$51, Lookups!$C$12:$C$51, "Unknown") -> Peripherals | S199: =IF(ISBLANK(I199), B199+VLOOKUP(C199, Lookups!$A$2:$D$10, 4, FALSE()), I199) -> 2026-07-04 | T199: =IF(ISBLANK(J199), "", J199-B199) -> 11 | U199: =IF(O199="Open", "Open", IF(J199>S199, "Late", "On-Time")) -> Late | V199: =IF(K199>0, L199/K199, 0) -> 0
A200: PO-100199 | B200: 2026-08-17 | C200: SUP-05 | D200: SKU-1022 | E200: WH-DEL | F200: 174 | G200: 58396 | H200: 10160904 | I200: 2026-09-04 | J200: 2026-09-05 | K200: 140 | L200: 0 | M200: Delivered | N200: =TRIM(A200) -> PO-100199 | O200: =PROPER(TRIM(M200)) -> Delivered | P200: =TRIM(E200) -> WH-DEL | Q200: =VLOOKUP(C200, Lookups!$A$2:$D$10, 2, FALSE()) -> FastElectronics | R200: =_xlfn.XLOOKUP(D200, Lookups!$A$12:$A$51, Lookups!$C$12:$C$51, "Unknown") -> Electronics | S200: =IF(ISBLANK(I200), B200+VLOOKUP(C200, Lookups!$A$2:$D$10, 4, FALSE()), I200) -> 2026-09-04 | T200: =IF(ISBLANK(J200), "", J200-B200) -> 19 | U200: =IF(O200="Open", "Open", IF(J200>S200, "Late", "On-Time")) -> Late | V200: =IF(K200>0, L200/K200, 0) -> 0
... A247: PO-100246 | B247: 2026-02-08 | C247: SUP-07 | D247: SKU-1011 | E247: WH-BOM | F247: 71 | G247: 48478 | H247: 3441938 | I247: 2026-03-04 | J247: 2026-03-05 | K247: 71 | L247: 0 | M247: Delivered | N247: =TRIM(A247) -> PO-100246 | O247: =PROPER(TRIM(M247)) -> Delivered | P247: =TRIM(E247) -> WH-BOM | Q247: =VLOOKUP(C247, Lookups!$A$2:$D$10, 2, FALSE()) -> NextGen Hardware | R247: =_xlfn.XLOOKUP(D247, Lookups!$A$12:$A$51, Lookups!$C$12:$C$51, "Unknown") -> Electronics | S247: =IF(ISBLANK(I247), B247+VLOOKUP(C247, Lookups!$A$2:$D$10, 4, FALSE()), I247) -> 2026-03-04 | T247: =IF(ISBLANK(J247), "", J247-B247) -> 25 | U247: =IF(O247="Open", "Open", IF(J247>S247, "Late", "On-Time")) -> Late | V247: =IF(K247>0, L247/K247, 0) -> 0
A248: PO-100247 | B248: 2026-12-12 | C248: SUP-01 | D248: SKU-1002 | E248: WH-PUN | F248: 146 | G248: 81048 | H248: 11833008 | K248: 0 | L248: 0 | M248: Open | N248: =TRIM(A248) -> PO-100247 | O248: =PROPER(TRIM(M248)) -> Open | P248: =TRIM(E248) -> WH-PUN | Q248: =VLOOKUP(C248, Lookups!$A$2:$D$10, 2, FALSE()) -> TechSupply Corp | R248: =_xlfn.XLOOKUP(D248, Lookups!$A$12:$A$51, Lookups!$C$12:$C$51, "Unknown") -> Electronics | S248: =IF(ISBLANK(I248), B248+VLOOKUP(C248, Lookups!$A$2:$D$10, 4, FALSE()), I248) -> 46382 | T248: =IF(ISBLANK(J248), "", J248-B248) | U248: =IF(O248="Open", "Open", IF(J248>S248, "Late", "On-Time")) -> Open | V248: =IF(K248>0, L248/K248, 0) -> 0
A249: PO-100248 | B249: 2025-06-11 | C249: SUP-07 | D249: SKU-1039 | E249: WH-BLR | F249: 33 | G249: 81434 | H249: 2687322 | I249: 2025-07-05 | J249: 2025-07-06 | K249: 33 | L249: 0 | M249: Delivered | N249: =TRIM(A249) -> PO-100248 | O249: =PROPER(TRIM(M249)) -> Delivered | P249: =TRIM(E249) -> WH-BLR | Q249: =VLOOKUP(C249, Lookups!$A$2:$D$10, 2, FALSE()) -> NextGen Hardware | R249: =_xlfn.XLOOKUP(D249, Lookups!$A$12:$A$51, Lookups!$C$12:$C$51, "Unknown") -> Electronics | S249: =IF(ISBLANK(I249), B249+VLOOKUP(C249, Lookups!$A$2:$D$10, 4, FALSE()), I249) -> 2025-07-05 | T249: =IF(ISBLANK(J249), "", J249-B249) -> 25 | U249: =IF(O249="Open", "Open", IF(J249>S249, "Late", "On-Time")) -> Late | V249: =IF(K249>0, L249/K249, 0) -> 0
A250: PO-100249 | B250: 2026-09-07 | C250: SUP-06 | D250: SKU-1014 | E250: WH-DEL | F250: 194 | G250: 4936 | H250: 957584 | I250: 2026-09-17 | J250: 2026-09-18 | K250: 194 | L250: 7 | M250: Delivered | N250: =TRIM(A250) -> PO-100249 | O250: =PROPER(TRIM(M250)) -> Delivered | P250: =TRIM(E250) -> WH-DEL | Q250: =VLOOKUP(C250, Lookups!$A$2:$D$10, 2, FALSE()) -> Peripheral Source | R250: =_xlfn.XLOOKUP(D250, Lookups!$A$12:$A$51, Lookups!$C$12:$C$51, "Unknown") -> Peripherals | S250: =IF(ISBLANK(I250), B250+VLOOKUP(C250, Lookups!$A$2:$D$10, 4, FALSE()), I250) -> 2026-09-17 | T250: =IF(ISBLANK(J250), "", J250-B250) -> 11 | U250: =IF(O250="Open", "Open", IF(J250>S250, "Late", "On-Time")) -> Late | V250: =IF(K250>0, L250/K250, 0) -> 0.036082474
A251: PO-100250 | B251: 2026-09-12 | C251: SUP-05 | D251: SKU-1030 | E251: WH-BLR | F251: 77 | G251: 55328 | H251: 4260256 | I251: 2026-09-30 | J251: 2026-09-30 | K251: 77 | L251: 0 | M251: Delivered | N251: =TRIM(A251) -> PO-100250 | O251: =PROPER(TRIM(M251)) -> Delivered | P251: =TRIM(E251) -> WH-BLR | Q251: =VLOOKUP(C251, Lookups!$A$2:$D$10, 2, FALSE()) -> FastElectronics | R251: =_xlfn.XLOOKUP(D251, Lookups!$A$12:$A$51, Lookups!$C$12:$C$51, "Unknown") -> Electronics | S251: =IF(ISBLANK(I251), B251+VLOOKUP(C251, Lookups!$A$2:$D$10, 4, FALSE()), I251) -> 2026-09-30 | T251: =IF(ISBLANK(J251), "", J251-B251) -> 18 | U251: =IF(O251="Open", "Open", IF(J251>S251, "Late", "On-Time")) -> On-Time | V251: =IF(K251>0, L251/K251, 0) -> 0
A252: PO-100251 | B252: 2026-05-15 | C252: SUP-05 | D252: SKU-1003 | E252: WH-PUN | F252: 20 | G252: 22314 | H252: 446280 | I252: 2026-06-02 | J252: 2026-06-02 | K252: 20 | L252: 0 | M252: Delivered | N252: =TRIM(A252) -> PO-100251 | O252: =PROPER(TRIM(M252)) -> Delivered | P252: =TRIM(E252) -> WH-PUN | Q252: =VLOOKUP(C252, Lookups!$A$2:$D$10, 2, FALSE()) -> FastElectronics | R252: =_xlfn.XLOOKUP(D252, Lookups!$A$12:$A$51, Lookups!$C$12:$C$51, "Unknown") -> Networking | S252: =IF(ISBLANK(I252), B252+VLOOKUP(C252, Lookups!$A$2:$D$10, 4, FALSE()), I252) -> 2026-06-02 | T252: =IF(ISBLANK(J252), "", J252-B252) -> 18 | U252: =IF(O252="Open", "Open", IF(J252>S252, "Late", "On-Time")) -> On-Time | V252: =IF(K252>0, L252/K252, 0) -> 0
A253: PO-100252 | B253: 2026-09-06 | C253: SUP-06 | D253: SKU-1040 | E253: WH-BOM | F253: 148 | G253: 6707 | H253: 992636 | I253: 2026-09-16 | J253: 2026-09-17 | K253: 148 | L253: 7 | M253: Delivered | N253: =TRIM(A253) -> PO-100252 | O253: =PROPER(TRIM(M253)) -> Delivered | P253: =TRIM(E253) -> WH-BOM | Q253: =VLOOKUP(C253, Lookups!$A$2:$D$10, 2, FALSE()) -> Peripheral Source | R253: =_xlfn.XLOOKUP(D253, Lookups!$A$12:$A$51, Lookups!$C$12:$C$51, "Unknown") -> Peripherals | S253: =IF(ISBLANK(I253), B253+VLOOKUP(C253, Lookups!$A$2:$D$10, 4, FALSE()), I253) -> 2026-09-16 | T253: =IF(ISBLANK(J253), "", J253-B253) -> 11 | U253: =IF(O253="Open", "Open", IF(J253>S253, "Late", "On-Time")) -> Late | V253: =IF(K253>0, L253/K253, 0) -> 0.047297297
A254: PO-100253 | B254: 2026-11-29 | C254: SUP-01 | D254: SKU-1010 | E254: WH-PUN | F254: 106 | G254: 111237 | H254: 11791122 | I254: 2026-12-13 | K254: 0 | L254: 0 | M254: Open | N254: =TRIM(A254) -> PO-100253 | O254: =PROPER(TRIM(M254)) -> Open | P254: =TRIM(E254) -> WH-PUN | Q254: =VLOOKUP(C254, Lookups!$A$2:$D$10, 2, FALSE()) -> TechSupply Corp | R254: =_xlfn.XLOOKUP(D254, Lookups!$A$12:$A$51, Lookups!$C$12:$C$51, "Unknown") -> Electronics | S254: =IF(ISBLANK(I254), B254+VLOOKUP(C254, Lookups!$A$2:$D$10, 4, FALSE()), I254) -> 2026-12-13 | T254: =IF(ISBLANK(J254), "", J254-B254) | U254: =IF(O254="Open", "Open", IF(J254>S254, "Late", "On-Time")) -> Open | V254: =IF(K254>0, L254/K254, 0) -> 0
A255: PO-100254 | B255: 2026-07-21 | C255: SUP-05 | D255: SKU-1022 | E255: WH-BOM | F255: 97 | G255: 58396 | H255: 5664412 | I255: 2026-08-08 | J255: 2026-08-16 | K255: 97 | L255: 0 | M255: Delivered | N255: =TRIM(A255) -> PO-100254 | O255: =PROPER(TRIM(M255)) -> Delivered | P255: =TRIM(E255) -> WH-BOM | Q255: =VLOOKUP(C255, Lookups!$A$2:$D$10, 2, FALSE()) -> FastElectronics | R255: =_xlfn.XLOOKUP(D255, Lookups!$A$12:$A$51, Lookups!$C$12:$C$51, "Unknown") -> Electronics | S255: =IF(ISBLANK(I255), B255+VLOOKUP(C255, Lookups!$A$2:$D$10, 4, FALSE()), I255) -> 2026-08-08 | T255: =IF(ISBLANK(J255), "", J255-B255) -> 26 | U255: =IF(O255="Open", "Open", IF(J255>S255, "Late", "On-Time")) -> Late | V255: =IF(K255>0, L255/K255, 0) -> 0
A256: PO-100255 | B256: 2025-04-25 | C256: SUP-07 | D256: SKU-1039 | E256: WH-PUN | F256: 18 | G256: 81434 | H256: 1465812 | I256: 2025-05-19 | J256: 2025-05-20 | K256: 18 | L256: 0 | M256: Delivered | N256: =TRIM(A256) -> PO-100255 | O256: =PROPER(TRIM(M256)) -> Delivered | P256: =TRIM(E256) -> WH-PUN | Q256: =VLOOKUP(C256, Lookups!$A$2:$D$10, 2, FALSE()) -> NextGen Hardware | R256: =_xlfn.XLOOKUP(D256, Lookups!$A$12:$A$51, Lookups!$C$12:$C$51, "Unknown") -> Electronics | S256: =IF(ISBLANK(I256), B256+VLOOKUP(C256, Lookups!$A$2:$D$10, 4, FALSE()), I256) -> 2025-05-19 | T256: =IF(ISBLANK(J256), "", J256-B256) -> 25 | U256: =IF(O256="Open", "Open", IF(J256>S256, "Late", "On-Time")) -> Late | V256: =IF(K256>0, L256/K256, 0) -> 0
A257: PO-100256 | B257: 2025-06-12 | C257: SUP-01 | D257: SKU-1010 | E257: WH-BOM | F257: 90 | G257: 111237 | H257: 10011330 | I257: 2025-06-26 | J257: 2025-06-25 | K257: 90 | L257: 0 | M257: Delivered | N257: =TRIM(A257) -> PO-100256 | O257: =PROPER(TRIM(M257)) -> Delivered | P257: =TRIM(E257) -> WH-BOM | Q257: =VLOOKUP(C257, Lookups!$A$2:$D$10, 2, FALSE()) -> TechSupply Corp | R257: =_xlfn.XLOOKUP(D257, Lookups!$A$12:$A$51, Lookups!$C$12:$C$51, "Unknown") -> Electronics | S257: =IF(ISBLANK(I257), B257+VLOOKUP(C257, Lookups!$A$2:$D$10, 4, FALSE()), I257) -> 2025-06-26 | T257: =IF(ISBLANK(J257), "", J257-B257) -> 13 | U257: =IF(O257="Open", "Open", IF(J257>S257, "Late", "On-Time")) -> On-Time | V257: =IF(K257>0, L257/K257, 0) -> 0
A258: PO-100257 | B258: 2025-10-07 | C258: SUP-06 | D258: SKU-1024 | E258: WH-BLR | F258: 85 | G258: 4440 | H258: 377400 | I258: 2025-10-17 | J258: 2025-10-17 | K258: 85 | L258: 0 | M258: Delivered | N258: =TRIM(A258) -> PO-100257 | O258: =PROPER(TRIM(M258)) -> Delivered | P258: =TRIM(E258) -> WH-BLR | Q258: =VLOOKUP(C258, Lookups!$A$2:$D$10, 2, FALSE()) -> Peripheral Source | R258: =_xlfn.XLOOKUP(D258, Lookups!$A$12:$A$51, Lookups!$C$12:$C$51, "Unknown") -> Peripherals | S258: =IF(ISBLANK(I258), B258+VLOOKUP(C258, Lookups!$A$2:$D$10, 4, FALSE()), I258) -> 2025-10-17 | T258: =IF(ISBLANK(J258), "", J258-B258) -> 10 | U258: =IF(O258="Open", "Open", IF(J258>S258, "Late", "On-Time")) -> On-Time | V258: =IF(K258>0, L258/K258, 0) -> 0
A259: PO-100258 | B259: 2026-11-27 | C259: SUP-06 | D259: SKU-1009 | E259: WH-DEL | F259: 30 | G259: 3291 | H259: 98730 | K259: 0 | L259: 0 | M259: Open | N259: =TRIM(A259) -> PO-100258 | O259: =PROPER(TRIM(M259)) -> Open | P259: =TRIM(E259) -> WH-DEL | Q259: =VLOOKUP(C259, Lookups!$A$2:$D$10, 2, FALSE()) -> Peripheral Source | R259: =_xlfn.XLOOKUP(D259, Lookups!$A$12:$A$51, Lookups!$C$12:$C$51, "Unknown") -> Peripherals | S259: =IF(ISBLANK(I259), B259+VLOOKUP(C259, Lookups!$A$2:$D$10, 4, FALSE()), I259) -> 46363 | T259: =IF(ISBLANK(J259), "", J259-B259) | U259: =IF(O259="Open", "Open", IF(J259>S259, "Late", "On-Time")) -> Open | V259: =IF(K259>0, L259/K259, 0) -> 0
A260: PO-100259 | B260: 2025-03-17 | C260: SUP-06 | D260: SKU-1040 | E260: WH-BLR | F260: 196 | G260: 6707 | H260: 1314572 | I260: 2025-03-27 | J260: 2025-03-28 | K260: 196 | L260: 0 | M260: Delivered | N260: =TRIM(A260) -> PO-100259 | O260: =PROPER(TRIM(M260)) -> Delivered | P260: =TRIM(E260) -> WH-BLR | Q260: =VLOOKUP(C260, Lookups!$A$2:$D$10, 2, FALSE()) -> Peripheral Source | R260: =_xlfn.XLOOKUP(D260, Lookups!$A$12:$A$51, Lookups!$C$12:$C$51, "Unknown") -> Peripherals | S260: =IF(ISBLANK(I260), B260+VLOOKUP(C260, Lookups!$A$2:$D$10, 4, FALSE()), I260) -> 2025-03-27 | T260: =IF(ISBLANK(J260), "", J260-B260) -> 11 | U260: =IF(O260="Open", "Open", IF(J260>S260, "Late", "On-Time")) -> Late | V260: =IF(K260>0, L260/K260, 0) -> 0
A261: PO-100260 | B261: 2026-02-01 | C261: SUP-08 | D261: SKU-1027 | E261: WH-DEL | F261: 233 | G261: 9423 | H261: 2195559 | I261: 2026-02-13 | J261: 2026-02-13 | K261: 233 | L261: 0 | M261: Delivered | N261: =TRIM(A261) -> PO-100260 | O261: =PROPER(TRIM(M261)) -> Delivered | P261: =TRIM(E261) -> WH-DEL | Q261: =VLOOKUP(C261, Lookups!$A$2:$D$10, 2, FALSE()) -> Premium Desks Ltd | R261: =_xlfn.XLOOKUP(D261, Lookups!$A$12:$A$51, Lookups!$C$12:$C$51, "Unknown") -> Office Furniture | S261: =IF(ISBLANK(I261), B261+VLOOKUP(C261, Lookups!$A$2:$D$10, 4, FALSE()), I261) -> 2026-02-13 | T261: =IF(ISBLANK(J261), "", J261-B261) -> 12 | U261: =IF(O261="Open", "Open", IF(J261>S261, "Late", "On-Time")) -> On-Time | V261: =IF(K261>0, L261/K261, 0) -> 0
A262: PO-100261 | B262: 2026-01-20 | C262: SUP-01 | D262: SKU-1001 | E262: WH-BLR | F262: 69 | G262: 59592 | H262: 4111848 | I262: 2026-02-03 | J262: 2026-02-03 | K262: 69 | L262: 9 | M262: Delivered | N262: =TRIM(A262) -> PO-100261 | O262: =PROPER(TRIM(M262)) -> Delivered | P262: =TRIM(E262) -> WH-BLR | Q262: =VLOOKUP(C262, Lookups!$A$2:$D$10, 2, FALSE()) -> TechSupply Corp | R262: =_xlfn.XLOOKUP(D262, Lookups!$A$12:$A$51, Lookups!$C$12:$C$51, "Unknown") -> Electronics | S262: =IF(ISBLANK(I262), B262+VLOOKUP(C262, Lookups!$A$2:$D$10, 4, FALSE()), I262) -> 2026-02-03 | T262: =IF(ISBLANK(J262), "", J262-B262) -> 14 | U262: =IF(O262="Open", "Open", IF(J262>S262, "Late", "On-Time")) -> On-Time | V262: =IF(K262>0, L262/K262, 0) -> 0.13043478
A263: PO-100262 | B263: 2025-11-05 | C263: SUP-01 | D263: SKU-1002 | E263: WH-DEL | F263: 105 | G263: 81048 | H263: 8510040 | I263: 2025-11-19 | J263: 2025-11-20 | K263: 76 | L263: 0 | M263: Delivered | N263: =TRIM(A263) -> PO-100262 | O263: =PROPER(TRIM(M263)) -> Delivered | P263: =TRIM(E263) -> WH-DEL | Q263: =VLOOKUP(C263, Lookups!$A$2:$D$10, 2, FALSE()) -> TechSupply Corp | R263: =_xlfn.XLOOKUP(D263, Lookups!$A$12:$A$51, Lookups!$C$12:$C$51, "Unknown") -> Electronics | S263: =IF(ISBLANK(I263), B263+VLOOKUP(C263, Lookups!$A$2:$D$10, 4, FALSE()), I263) -> 2025-11-19 | T263: =IF(ISBLANK(J263), "", J263-B263) -> 15 | U263: =IF(O263="Open", "Open", IF(J263>S263, "Late", "On-Time")) -> Late | V263: =IF(K263>0, L263/K263, 0) -> 0
A264: PO-100263 | B264: 2025-02-19 | C264: SUP-05 | D264: SKU-1022 | E264: WH-BOM | F264: 110 | G264: 58396 | H264: 6423560 | I264: 2025-03-09 | J264: 2025-03-10 | K264: 110 | L264: 0 | M264: Delivered | N264: =TRIM(A264) -> PO-100263 | O264: =PROPER(TRIM(M264)) -> Delivered | P264: =TRIM(E264) -> WH-BOM | Q264: =VLOOKUP(C264, Lookups!$A$2:$D$10, 2, FALSE()) -> FastElectronics | R264: =_xlfn.XLOOKUP(D264, Lookups!$A$12:$A$51, Lookups!$C$12:$C$51, "Unknown") -> Electronics | S264: =IF(ISBLANK(I264), B264+VLOOKUP(C264, Lookups!$A$2:$D$10, 4, FALSE()), I264) -> 2025-03-09 | T264: =IF(ISBLANK(J264), "", J264-B264) -> 19 | U264: =IF(O264="Open", "Open", IF(J264>S264, "Late", "On-Time")) -> Late | V264: =IF(K264>0, L264/K264, 0) -> 0
A265: PO-100264 | B265: 2025-01-09 | C265: SUP-06 | D265: SKU-1024 | E265: WH-BOM | F265: 43 | G265: 4440 | H265: 190920 | I265: 2025-01-19 | J265: 2025-01-19 | K265: 43 | L265: 0 | M265: delivered | N265: =TRIM(A265) -> PO-100264 | O265: =PROPER(TRIM(M265)) -> Delivered | P265: =TRIM(E265) -> WH-BOM | Q265: =VLOOKUP(C265, Lookups!$A$2:$D$10, 2, FALSE()) -> Peripheral Source | R265: =_xlfn.XLOOKUP(D265, Lookups!$A$12:$A$51, Lookups!$C$12:$C$51, "Unknown") -> Peripherals | S265: =IF(ISBLANK(I265), B265+VLOOKUP(C265, Lookups!$A$2:$D$10, 4, FALSE()), I265) -> 2025-01-19 | T265: =IF(ISBLANK(J265), "", J265-B265) -> 10 | U265: =IF(O265="Open", "Open", IF(J265>S265, "Late", "On-Time")) -> On-Time | V265: =IF(K265>0, L265/K265, 0) -> 0
A266: PO-100265 | B266: 2025-01-09 | C266: SUP-06 | D266: SKU-1040 | E266: WH-BOM | F266: 12 | G266: 6707 | H266: 80484 | I266: 2025-01-19 | J266: 2025-01-19 | K266: 12 | L266: 0 | M266: Delivered | N266: =TRIM(A266) -> PO-100265 | O266: =PROPER(TRIM(M266)) -> Delivered | P266: =TRIM(E266) -> WH-BOM | Q266: =VLOOKUP(C266, Lookups!$A$2:$D$10, 2, FALSE()) -> Peripheral Source | R266: =_xlfn.XLOOKUP(D266, Lookups!$A$12:$A$51, Lookups!$C$12:$C$51, "Unknown") -> Peripherals | S266: =IF(ISBLANK(I266), B266+VLOOKUP(C266, Lookups!$A$2:$D$10, 4, FALSE()), I266) -> 2025-01-19 | T266: =IF(ISBLANK(J266), "", J266-B266) -> 10 | U266: =IF(O266="Open", "Open", IF(J266>S266, "Late", "On-Time")) -> On-Time | V266: =IF(K266>0, L266/K266, 0) -> 0
A267: PO-100266 | B267: 2025-03-02 | C267: SUP-03 | D267: SKU-1016 | E267: WH-BOM | F267: 46 | G267: 1553 | H267: 71438 | I267: 2025-03-09 | J267: 2025-03-09 | K267: 46 | L267: 0 | M267: Delivered | N267: =TRIM(A267) -> PO-100266 | O267: =PROPER(TRIM(M267)) -> Delivered | P267: =TRIM(E267) -> WH-BOM | Q267: =VLOOKUP(C267, Lookups!$A$2:$D$10, 2, FALSE()) -> OfficeDepot Pro | R267: =_xlfn.XLOOKUP(D267, Lookups!$A$12:$A$51, Lookups!$C$12:$C$51, "Unknown") -> Peripherals | S267: =IF(ISBLANK(I267), B267+VLOOKUP(C267, Lookups!$A$2:$D$10, 4, FALSE()), I267) -> 2025-03-09 | T267: =IF(ISBLANK(J267), "", J267-B267) -> 7 | U267: =IF(O267="Open", "Open", IF(J267>S267, "Late", "On-Time")) -> On-Time | V267: =IF(K267>0, L267/K267, 0) -> 0
A268: PO-100267 | B268: 2026-12-07 | C268: SUP-02 | D268: SKU-1013 | E268: WH-PUN | F268: 203 | G268: 36295 | H268: 7367885 | I268: 2026-12-28 | J268: 2026-12-29 | K268: 203 | L268: 0 | M268: Delivered | N268: =TRIM(A268) -> PO-100267 | O268: =PROPER(TRIM(M268)) -> Delivered | P268: =TRIM(E268) -> WH-PUN | Q268: =VLOOKUP(C268, Lookups!$A$2:$D$10, 2, FALSE()) -> Global Networks | R268: =_xlfn.XLOOKUP(D268, Lookups!$A$12:$A$51, Lookups!$C$12:$C$51, "Unknown") -> Networking | S268: =IF(ISBLANK(I268), B268+VLOOKUP(C268, Lookups!$A$2:$D$10, 4, FALSE()), I268) -> 2026-12-28 | T268: =IF(ISBLANK(J268), "", J268-B268) -> 22 | U268: =IF(O268="Open", "Open", IF(J268>S268, "Late", "On-Time")) -> Late | V268: =IF(K268>0, L268/K268, 0) -> 0
A269: PO-100268 | B269: 2026-08-12 | C269: SUP-07 | D269: SKU-1012 | E269: WH-PUN | F269: 20 | G269: 71062 | H269: 1421240 | I269: 2026-09-05 | J269: 2026-09-18 | K269: 20 | L269: 2 | M269: Delivered | N269: =TRIM(A269) -> PO-100268 | O269: =PROPER(TRIM(M269)) -> Delivered | P269: =TRIM(E269) -> WH-PUN | Q269: =VLOOKUP(C269, Lookups!$A$2:$D$10, 2, FALSE()) -> NextGen Hardware | R269: =_xlfn.XLOOKUP(D269, Lookups!$A$12:$A$51, Lookups!$C$12:$C$51, "Unknown") -> Electronics | S269: =IF(ISBLANK(I269), B269+VLOOKUP(C269, Lookups!$A$2:$D$10, 4, FALSE()), I269) -> 2026-09-05 | T269: =IF(ISBLANK(J269), "", J269-B269) -> 37 | U269: =IF(O269="Open", "Open", IF(J269>S269, "Late", "On-Time")) -> Late | V269: =IF(K269>0, L269/K269, 0) -> 0.1
A270: PO-100269 | B270: 2025-12-24 | C270: SUP-08 | D270: SKU-1032 | E270: WH-BLR | F270: 179 | G270: 19850 | H270: 3553150 | I270: 2026-01-05 | J270: 2026-01-06 | K270: 179 | L270: 0 | M270: Delivered | N270: =TRIM(A270) -> PO-100269 | O270: =PROPER(TRIM(M270)) -> Delivered | P270: =TRIM(E270) -> WH-BLR | Q270: =VLOOKUP(C270, Lookups!$A$2:$D$10, 2, FALSE()) -> Premium Desks Ltd | R270: =_xlfn.XLOOKUP(D270, Lookups!$A$12:$A$51, Lookups!$C$12:$C$51, "Unknown") -> Office Furniture | S270: =IF(ISBLANK(I270), B270+VLOOKUP(C270, Lookups!$A$2:$D$10, 4, FALSE()), I270) -> 2026-01-05 | T270: =IF(ISBLANK(J270), "", J270-B270) -> 13 | U270: =IF(O270="Open", "Open", IF(J270>S270, "Late", "On-Time")) -> Late | V270: =IF(K270>0, L270/K270, 0) -> 0
A271: PO-100270 | B271: 2025-05-21 | C271: SUP-05 | D271: SKU-1003 | E271: WH-BLR | F271: 83 | G271: 22314 | H271: 1852062 | I271: 2025-06-08 | J271: 2025-06-09 | K271: 83 | L271: 0 | M271: Delivered | N271: =TRIM(A271) -> PO-100270 | O271: =PROPER(TRIM(M271)) -> Delivered | P271: =TRIM(E271) -> WH-BLR | Q271: =VLOOKUP(C271, Lookups!$A$2:$D$10, 2, FALSE()) -> FastElectronics | R271: =_xlfn.XLOOKUP(D271, Lookups!$A$12:$A$51, Lookups!$C$12:$C$51, "Unknown") -> Networking | S271: =IF(ISBLANK(I271), B271+VLOOKUP(C271, Lookups!$A$2:$D$10, 4, FALSE()), I271) -> 2025-06-08 | T271: =IF(ISBLANK(J271), "", J271-B271) -> 19 | U271: =IF(O271="Open", "Open", IF(J271>S271, "Late", "On-Time")) -> Late | V271: =IF(K271>0, L271/K271, 0) -> 0
... A278: PO-100277 | B278: 2025-03-06 | C278: SUP-06 | D278: SKU-1024 | E278: WH-BLR | F278: 16 | G278: 4440 | H278: 71040 | I278: 2025-03-16 | J278: 2025-03-21 | K278: 16 | L278: 1 | M278: Delivered | N278: =TRIM(A278) -> PO-100277 | O278: =PROPER(TRIM(M278)) -> Delivered | P278: =TRIM(E278) -> WH-BLR | Q278: =VLOOKUP(C278, Lookups!$A$2:$D$10, 2, FALSE()) -> Peripheral Source | R278: =_xlfn.XLOOKUP(D278, Lookups!$A$12:$A$51, Lookups!$C$12:$C$51, "Unknown") -> Peripherals | S278: =IF(ISBLANK(I278), B278+VLOOKUP(C278, Lookups!$A$2:$D$10, 4, FALSE()), I278) -> 2025-03-16 | T278: =IF(ISBLANK(J278), "", J278-B278) -> 15 | U278: =IF(O278="Open", "Open", IF(J278>S278, "Late", "On-Time")) -> Late | V278: =IF(K278>0, L278/K278, 0) -> 0.0625
A279: PO-100278 | B279: 2026-11-27 | C279: SUP-06 | D279: SKU-1006 | E279: WH-PUN | F279: 137 | G279: 2212 | H279: 303044 | K279: 0 | L279: 0 | M279: Open | N279: =TRIM(A279) -> PO-100278 | O279: =PROPER(TRIM(M279)) -> Open | P279: =TRIM(E279) -> WH-PUN | Q279: =VLOOKUP(C279, Lookups!$A$2:$D$10, 2, FALSE()) -> Peripheral Source | R279: =_xlfn.XLOOKUP(D279, Lookups!$A$12:$A$51, Lookups!$C$12:$C$51, "Unknown") -> Peripherals | S279: =IF(ISBLANK(I279), B279+VLOOKUP(C279, Lookups!$A$2:$D$10, 4, FALSE()), I279) -> 46363 | T279: =IF(ISBLANK(J279), "", J279-B279) | U279: =IF(O279="Open", "Open", IF(J279>S279, "Late", "On-Time")) -> Open | V279: =IF(K279>0, L279/K279, 0) -> 0
A280: PO-100279 | B280: 2025-12-22 | C280: SUP-02 | D280: SKU-1034 | E280: WH-PUN | F280: 156 | G280: 16501 | H280: 2574156 | I280: 2026-01-12 | J280: 2026-01-16 | K280: 156 | L280: 0 | M280: Delivered | N280: =TRIM(A280) -> PO-100279 | O280: =PROPER(TRIM(M280)) -> Delivered | P280: =TRIM(E280) -> WH-PUN | Q280: =VLOOKUP(C280, Lookups!$A$2:$D$10, 2, FALSE()) -> Global Networks | R280: =_xlfn.XLOOKUP(D280, Lookups!$A$12:$A$51, Lookups!$C$12:$C$51, "Unknown") -> Networking | S280: =IF(ISBLANK(I280), B280+VLOOKUP(C280, Lookups!$A$2:$D$10, 4, FALSE()), I280) -> 2026-01-12 | T280: =IF(ISBLANK(J280), "", J280-B280) -> 25 | U280: =IF(O280="Open", "Open", IF(J280>S280, "Late", "On-Time")) -> Late | V280: =IF(K280>0, L280/K280, 0) -> 0
A281: PO-100280 | B281: 2025-08-03 | C281: SUP-03 | D281: SKU-1016 | E281: WH-BLR | F281: 88 | G281: 1553 | H281: 136664 | I281: 2025-08-10 | J281: 2025-08-11 | K281: 68 | L281: 0 | M281: Delivered | N281: =TRIM(A281) -> PO-100280 | O281: =PROPER(TRIM(M281)) -> Delivered | P281: =TRIM(E281) -> WH-BLR | Q281: =VLOOKUP(C281, Lookups!$A$2:$D$10, 2, FALSE()) -> OfficeDepot Pro | R281: =_xlfn.XLOOKUP(D281, Lookups!$A$12:$A$51, Lookups!$C$12:$C$51, "Unknown") -> Peripherals | S281: =IF(ISBLANK(I281), B281+VLOOKUP(C281, Lookups!$A$2:$D$10, 4, FALSE()), I281) -> 2025-08-10 | T281: =IF(ISBLANK(J281), "", J281-B281) -> 8 | U281: =IF(O281="Open", "Open", IF(J281>S281, "Late", "On-Time")) -> Late | V281: =IF(K281>0, L281/K281, 0) -> 0
A282: PO-100281 | B282: 2026-01-10 | C282: SUP-06 | D282: SKU-1014 | E282: WH-BOM | F282: 184 | G282: 4936 | H282: 908224 | I282: 2026-01-20 | J282: 2026-01-21 | K282: 184 | L282: 0 | M282: Delivered | N282: =TRIM(A282) -> PO-100281 | O282: =PROPER(TRIM(M282)) -> Delivered | P282: =TRIM(E282) -> WH-BOM | Q282: =VLOOKUP(C282, Lookups!$A$2:$D$10, 2, FALSE()) -> Peripheral Source | R282: =_xlfn.XLOOKUP(D282, Lookups!$A$12:$A$51, Lookups!$C$12:$C$51, "Unknown") -> Peripherals | S282: =IF(ISBLANK(I282), B282+VLOOKUP(C282, Lookups!$A$2:$D$10, 4, FALSE()), I282) -> 2026-01-20 | T282: =IF(ISBLANK(J282), "", J282-B282) -> 11 | U282: =IF(O282="Open", "Open", IF(J282>S282, "Late", "On-Time")) -> Late | V282: =IF(K282>0, L282/K282, 0) -> 0
A283: PO-100282 | B283: 2026-04-17 | C283: SUP-01 | D283: SKU-1008 | E283: WH-BOM | F283: 204 | G283: 48905 | H283: 9976620 | I283: 2026-05-01 | J283: 2026-05-02 | K283: 204 | L283: 0 | M283: Delivered | N283: =TRIM(A283) -> PO-100282 | O283: =PROPER(TRIM(M283)) -> Delivered | P283: =TRIM(E283) -> WH-BOM | Q283: =VLOOKUP(C283, Lookups!$A$2:$D$10, 2, FALSE()) -> TechSupply Corp | R283: =_xlfn.XLOOKUP(D283, Lookups!$A$12:$A$51, Lookups!$C$12:$C$51, "Unknown") -> Electronics | S283: =IF(ISBLANK(I283), B283+VLOOKUP(C283, Lookups!$A$2:$D$10, 4, FALSE()), I283) -> 2026-05-01 | T283: =IF(ISBLANK(J283), "", J283-B283) -> 15 | U283: =IF(O283="Open", "Open", IF(J283>S283, "Late", "On-Time")) -> Late | V283: =IF(K283>0, L283/K283, 0) -> 0
A284: PO-100283 | B284: 2025-11-04 | C284: SUP-02 | D284: SKU-1026 | E284: WH-DEL | F284: 119 | G284: 23667 | H284: 2816373 | I284: 2025-11-25 | J284: 2025-11-25 | K284: 119 | L284: 0 | M284: Delivered | N284: =TRIM(A284) -> PO-100283 | O284: =PROPER(TRIM(M284)) -> Delivered | P284: =TRIM(E284) -> WH-DEL | Q284: =VLOOKUP(C284, Lookups!$A$2:$D$10, 2, FALSE()) -> Global Networks | R284: =_xlfn.XLOOKUP(D284, Lookups!$A$12:$A$51, Lookups!$C$12:$C$51, "Unknown") -> Networking | S284: =IF(ISBLANK(I284), B284+VLOOKUP(C284, Lookups!$A$2:$D$10, 4, FALSE()), I284) -> 2025-11-25 | T284: =IF(ISBLANK(J284), "", J284-B284) -> 21 | U284: =IF(O284="Open", "Open", IF(J284>S284, "Late", "On-Time")) -> On-Time | V284: =IF(K284>0, L284/K284, 0) -> 0
A285: PO-100284 | B285: 2025-11-27 | C285: SUP-07 | D285: SKU-1039 | E285: WH-PUN | F285: 77 | G285: 81434 | H285: 6270418 | I285: 2025-12-21 | J285: 2025-12-22 | K285: 77 | L285: 0 | M285: Delivered | N285: =TRIM(A285) -> PO-100284 | O285: =PROPER(TRIM(M285)) -> Delivered | P285: =TRIM(E285) -> WH-PUN | Q285: =VLOOKUP(C285, Lookups!$A$2:$D$10, 2, FALSE()) -> NextGen Hardware | R285: =_xlfn.XLOOKUP(D285, Lookups!$A$12:$A$51, Lookups!$C$12:$C$51, "Unknown") -> Electronics | S285: =IF(ISBLANK(I285), B285+VLOOKUP(C285, Lookups!$A$2:$D$10, 4, FALSE()), I285) -> 2025-12-21 | T285: =IF(ISBLANK(J285), "", J285-B285) -> 25 | U285: =IF(O285="Open", "Open", IF(J285>S285, "Late", "On-Time")) -> Late | V285: =IF(K285>0, L285/K285, 0) -> 0
A286: PO-100285 | B286: 2026-01-19 | C286: SUP-05 | D286: SKU-1030 | E286: WH-BOM | F286: 207 | G286: 55328 | H286: 11452896 | I286: 2026-02-06 | J286: 2026-02-03 | K286: 207 | L286: 0 | M286: Delivered | N286: =TRIM(A286) -> PO-100285 | O286: =PROPER(TRIM(M286)) -> Delivered | P286: =TRIM(E286) -> WH-BOM | Q286: =VLOOKUP(C286, Lookups!$A$2:$D$10, 2, FALSE()) -> FastElectronics | R286: =_xlfn.XLOOKUP(D286, Lookups!$A$12:$A$51, Lookups!$C$12:$C$51, "Unknown") -> Electronics | S286: =IF(ISBLANK(I286), B286+VLOOKUP(C286, Lookups!$A$2:$D$10, 4, FALSE()), I286) -> 2026-02-06 | T286: =IF(ISBLANK(J286), "", J286-B286) -> 15 | U286: =IF(O286="Open", "Open", IF(J286>S286, "Late", "On-Time")) -> On-Time | V286: =IF(K286>0, L286/K286, 0) -> 0
A287: PO-100286 | B287: 2026-05-01 | C287: SUP-06 | D287: SKU-1006 | E287: WH-BLR | F287: 72 | G287: 2212 | H287: 159264 | I287: 2026-05-11 | J287: 2026-05-11 | K287: 72 | L287: 0 | M287: Delivered | N287: =TRIM(A287) -> PO-100286 | O287: =PROPER(TRIM(M287)) -> Delivered | P287: =TRIM(E287) -> WH-BLR | Q287: =VLOOKUP(C287, Lookups!$A$2:$D$10, 2, FALSE()) -> Peripheral Source | R287: =_xlfn.XLOOKUP(D287, Lookups!$A$12:$A$51, Lookups!$C$12:$C$51, "Unknown") -> Peripherals | S287: =IF(ISBLANK(I287), B287+VLOOKUP(C287, Lookups!$A$2:$D$10, 4, FALSE()), I287) -> 2026-05-11 | T287: =IF(ISBLANK(J287), "", J287-B287) -> 10 | U287: =IF(O287="Open", "Open", IF(J287>S287, "Late", "On-Time")) -> On-Time | V287: =IF(K287>0, L287/K287, 0) -> 0
A288: PO-100287 | B288: 2026-09-10 | C288: SUP-06 | D288: SKU-1024 | E288: WH-PUN | F288: 135 | G288: 4440 | H288: 599400 | I288: 2026-09-20 | J288: 2026-09-20 | K288: 135 | L288: 0 | M288: Delivered | N288: =TRIM(A288) -> PO-100287 | O288: =PROPER(TRIM(M288)) -> Delivered | P288: =TRIM(E288) -> WH-PUN | Q288: =VLOOKUP(C288, Lookups!$A$2:$D$10, 2, FALSE()) -> Peripheral Source | R288: =_xlfn.XLOOKUP(D288, Lookups!$A$12:$A$51, Lookups!$C$12:$C$51, "Unknown") -> Peripherals | S288: =IF(ISBLANK(I288), B288+VLOOKUP(C288, Lookups!$A$2:$D$10, 4, FALSE()), I288) -> 2026-09-20 | T288: =IF(ISBLANK(J288), "", J288-B288) -> 10 | U288: =IF(O288="Open", "Open", IF(J288>S288, "Late", "On-Time")) -> On-Time | V288: =IF(K288>0, L288/K288, 0) -> 0
A289: PO-100288 | B289: 2026-09-11 | C289: SUP-01 | D289: SKU-1031 | E289: WH-DEL | F289: 211 | G289: 83427 | H289: 17603097 | I289: 2026-09-25 | J289: 2026-09-25 | K289: 211 | L289: 0 | M289: Delivered | N289: =TRIM(A289) -> PO-100288 | O289: =PROPER(TRIM(M289)) -> Delivered | P289: =TRIM(E289) -> WH-DEL | Q289: =VLOOKUP(C289, Lookups!$A$2:$D$10, 2, FALSE()) -> TechSupply Corp | R289: =_xlfn.XLOOKUP(D289, Lookups!$A$12:$A$51, Lookups!$C$12:$C$51, "Unknown") -> Electronics | S289: =IF(ISBLANK(I289), B289+VLOOKUP(C289, Lookups!$A$2:$D$10, 4, FALSE()), I289) -> 2026-09-25 | T289: =IF(ISBLANK(J289), "", J289-B289) -> 14 | U289: =IF(O289="Open", "Open", IF(J289>S289, "Late", "On-Time")) -> On-Time | V289: =IF(K289>0, L289/K289, 0) -> 0
A290: PO-100289 | B290: 2025-10-24 | C290: SUP-05 | D290: SKU-1017 | E290: WH-BOM | F290: 57 | G290: 41405 | H290: 2360085 | I290: 2025-11-11 | J290: 2025-11-11 | K290: 57 | L290: 0 | M290: Delivered | N290: =TRIM(A290) -> PO-100289 | O290: =PROPER(TRIM(M290)) -> Delivered | P290: =TRIM(E290) -> WH-BOM | Q290: =VLOOKUP(C290, Lookups!$A$2:$D$10, 2, FALSE()) -> FastElectronics | R290: =_xlfn.XLOOKUP(D290, Lookups!$A$12:$A$51, Lookups!$C$12:$C$51, "Unknown") -> Networking | S290: =IF(ISBLANK(I290), B290+VLOOKUP(C290, Lookups!$A$2:$D$10, 4, FALSE()), I290) -> 2025-11-11 | T290: =IF(ISBLANK(J290), "", J290-B290) -> 18 | U290: =IF(O290="Open", "Open", IF(J290>S290, "Late", "On-Time")) -> On-Time | V290: =IF(K290>0, L290/K290, 0) -> 0
A291: PO-100290 | B291: 2026-02-09 | C291: SUP-05 | D291: SKU-1030 | E291: WH-PUN | F291: 168 | G291: 55328 | H291: 9295104 | I291: 2026-02-27 | J291: 2026-02-27 | K291: 168 | L291: 0 | M291: Delivered | N291: =TRIM(A291) -> PO-100290 | O291: =PROPER(TRIM(M291)) -> Delivered | P291: =TRIM(E291) -> WH-PUN | Q291: =VLOOKUP(C291, Lookups!$A$2:$D$10, 2, FALSE()) -> FastElectronics | R291: =_xlfn.XLOOKUP(D291, Lookups!$A$12:$A$51, Lookups!$C$12:$C$51, "Unknown") -> Electronics | S291: =IF(ISBLANK(I291), B291+VLOOKUP(C291, Lookups!$A$2:$D$10, 4, FALSE()), I291) -> 2026-02-27 | T291: =IF(ISBLANK(J291), "", J291-B291) -> 18 | U291: =IF(O291="Open", "Open", IF(J291>S291, "Late", "On-Time")) -> On-Time | V291: =IF(K291>0, L291/K291, 0) -> 0
... A368: PO-100367 | B368: 2025-11-22 | C368: SUP-05 | D368: SKU-1029 | E368: WH-BOM | F368: 101 | G368: 19090 | H368: 1928090 | I368: 2025-12-10 | J368: 2025-12-13 | K368: 101 | L368: 0 | M368: Delivered | N368: =TRIM(A368) -> PO-100367 | O368: =PROPER(TRIM(M368)) -> Delivered | P368: =TRIM(E368) -> WH-BOM | Q368: =VLOOKUP(C368, Lookups!$A$2:$D$10, 2, FALSE()) -> FastElectronics | R368: =_xlfn.XLOOKUP(D368, Lookups!$A$12:$A$51, Lookups!$C$12:$C$51, "Unknown") -> Networking | S368: =IF(ISBLANK(I368), B368+VLOOKUP(C368, Lookups!$A$2:$D$10, 4, FALSE()), I368) -> 2025-12-10 | T368: =IF(ISBLANK(J368), "", J368-B368) -> 21 | U368: =IF(O368="Open", "Open", IF(J368>S368, "Late", "On-Time")) -> Late | V368: =IF(K368>0, L368/K368, 0) -> 0
A369: PO-100368 | B369: 2026-11-23 | C369: SUP-02 | D369: SKU-1015 | E369: WH-BLR | F369: 191 | G369: 29719 | H369: 5676329 | I369: 2026-12-14 | K369: 0 | L369: 0 | M369: Open | N369: =TRIM(A369) -> PO-100368 | O369: =PROPER(TRIM(M369)) -> Open | P369: =TRIM(E369) -> WH-BLR | Q369: =VLOOKUP(C369, Lookups!$A$2:$D$10, 2, FALSE()) -> Global Networks | R369: =_xlfn.XLOOKUP(D369, Lookups!$A$12:$A$51, Lookups!$C$12:$C$51, "Unknown") -> Networking | S369: =IF(ISBLANK(I369), B369+VLOOKUP(C369, Lookups!$A$2:$D$10, 4, FALSE()), I369) -> 2026-12-14 | T369: =IF(ISBLANK(J369), "", J369-B369) | U369: =IF(O369="Open", "Open", IF(J369>S369, "Late", "On-Time")) -> Open | V369: =IF(K369>0, L369/K369, 0) -> 0
A370: PO-100369 | B370: 2026-01-12 | C370: SUP-03 | D370: SKU-1033 | E370: WH-DEL | F370: 36 | G370: 7271 | H370: 261756 | I370: 2026-01-19 | J370: 2026-01-20 | K370: 33 | L370: 0 | M370: Delivered | N370: =TRIM(A370) -> PO-100369 | O370: =PROPER(TRIM(M370)) -> Delivered | P370: =TRIM(E370) -> WH-DEL | Q370: =VLOOKUP(C370, Lookups!$A$2:$D$10, 2, FALSE()) -> OfficeDepot Pro | R370: =_xlfn.XLOOKUP(D370, Lookups!$A$12:$A$51, Lookups!$C$12:$C$51, "Unknown") -> Peripherals | S370: =IF(ISBLANK(I370), B370+VLOOKUP(C370, Lookups!$A$2:$D$10, 4, FALSE()), I370) -> 2026-01-19 | T370: =IF(ISBLANK(J370), "", J370-B370) -> 8 | U370: =IF(O370="Open", "Open", IF(J370>S370, "Late", "On-Time")) -> Late | V370: =IF(K370>0, L370/K370, 0) -> 0
A371: PO-100370 | B371: 2026-10-30 | C371: SUP-05 | D371: SKU-1007 | E371: WH-DEL | F371: 249 | G371: 100302 | H371: 24975198 | I371: 2026-11-17 | J371: 2026-11-15 | K371: 249 | L371: 0 | M371: Delivered | N371: =TRIM(A371) -> PO-100370 | O371: =PROPER(TRIM(M371)) -> Delivered | P371: =TRIM(E371) -> WH-DEL | Q371: =VLOOKUP(C371, Lookups!$A$2:$D$10, 2, FALSE()) -> FastElectronics | R371: =_xlfn.XLOOKUP(D371, Lookups!$A$12:$A$51, Lookups!$C$12:$C$51, "Unknown") -> Electronics | S371: =IF(ISBLANK(I371), B371+VLOOKUP(C371, Lookups!$A$2:$D$10, 4, FALSE()), I371) -> 2026-11-17 | T371: =IF(ISBLANK(J371), "", J371-B371) -> 16 | U371: =IF(O371="Open", "Open", IF(J371>S371, "Late", "On-Time")) -> On-Time | V371: =IF(K371>0, L371/K371, 0) -> 0
A372: PO-100371 | B372: 2026-07-03 | C372: SUP-05 | D372: SKU-1029 | E372: WH-BOM | F372: 93 | G372: 19090 | H372: 1775370 | I372: 2026-07-21 | J372: 2026-07-22 | K372: 93 | L372: 0 | M372: Delivered | N372: =TRIM(A372) -> PO-100371 | O372: =PROPER(TRIM(M372)) -> Delivered | P372: =TRIM(E372) -> WH-BOM | Q372: =VLOOKUP(C372, Lookups!$A$2:$D$10, 2, FALSE()) -> FastElectronics | R372: =_xlfn.XLOOKUP(D372, Lookups!$A$12:$A$51, Lookups!$C$12:$C$51, "Unknown") -> Networking | S372: =IF(ISBLANK(I372), B372+VLOOKUP(C372, Lookups!$A$2:$D$10, 4, FALSE()), I372) -> 2026-07-21 | T372: =IF(ISBLANK(J372), "", J372-B372) -> 19 | U372: =IF(O372="Open", "Open", IF(J372>S372, "Late", "On-Time")) -> Late | V372: =IF(K372>0, L372/K372, 0) -> 0
A373: PO-100372 | B373: 2026-09-09 | C373: SUP-02 | D373: SKU-1005 | E373: WH-BOM | F373: 159 | G373: 39270 | H373: 6243930 | I373: 2026-09-30 | J373: 2026-10-01 | K373: 159 | L373: 0 | M373: Delivered | N373: =TRIM(A373) -> PO-100372 | O373: =PROPER(TRIM(M373)) -> Delivered | P373: =TRIM(E373) -> WH-BOM | Q373: =VLOOKUP(C373, Lookups!$A$2:$D$10, 2, FALSE()) -> Global Networks | R373: =_xlfn.XLOOKUP(D373, Lookups!$A$12:$A$51, Lookups!$C$12:$C$51, "Unknown") -> Networking | S373: =IF(ISBLANK(I373), B373+VLOOKUP(C373, Lookups!$A$2:$D$10, 4, FALSE()), I373) -> 2026-09-30 | T373: =IF(ISBLANK(J373), "", J373-B373) -> 22 | U373: =IF(O373="Open", "Open", IF(J373>S373, "Late", "On-Time")) -> Late | V373: =IF(K373>0, L373/K373, 0) -> 0
A374: PO-100373 | B374: 2025-05-26 | C374: SUP-02 | D374: SKU-1015 | E374: WH-BLR | F374: 215 | G374: 29719 | H374: 6389585 | I374: 2025-06-16 | J374: 2025-06-17 | K374: 215 | L374: 0 | M374: Delivered | N374: =TRIM(A374) -> PO-100373 | O374: =PROPER(TRIM(M374)) -> Delivered | P374: =TRIM(E374) -> WH-BLR | Q374: =VLOOKUP(C374, Lookups!$A$2:$D$10, 2, FALSE()) -> Global Networks | R374: =_xlfn.XLOOKUP(D374, Lookups!$A$12:$A$51, Lookups!$C$12:$C$51, "Unknown") -> Networking | S374: =IF(ISBLANK(I374), B374+VLOOKUP(C374, Lookups!$A$2:$D$10, 4, FALSE()), I374) -> 2025-06-16 | T374: =IF(ISBLANK(J374), "", J374-B374) -> 22 | U374: =IF(O374="Open", "Open", IF(J374>S374, "Late", "On-Time")) -> Late | V374: =IF(K374>0, L374/K374, 0) -> 0
A375: PO-100374 | B375: 2025-09-27 | C375: SUP-08 | D375: SKU-1027 | E375: WH-PUN | F375: 157 | G375: 9423 | H375: 1479411 | I375: 2025-10-09 | J375: 2025-10-09 | K375: 157 | L375: 0 | M375: Delivered | N375: =TRIM(A375) -> PO-100374 | O375: =PROPER(TRIM(M375)) -> Delivered | P375: =TRIM(E375) -> WH-PUN | Q375: =VLOOKUP(C375, Lookups!$A$2:$D$10, 2, FALSE()) -> Premium Desks Ltd | R375: =_xlfn.XLOOKUP(D375, Lookups!$A$12:$A$51, Lookups!$C$12:$C$51, "Unknown") -> Office Furniture | S375: =IF(ISBLANK(I375), B375+VLOOKUP(C375, Lookups!$A$2:$D$10, 4, FALSE()), I375) -> 2025-10-09 | T375: =IF(ISBLANK(J375), "", J375-B375) -> 12 | U375: =IF(O375="Open", "Open", IF(J375>S375, "Late", "On-Time")) -> On-Time | V375: =IF(K375>0, L375/K375, 0) -> 0
A376: PO-100375 | B376: 2026-03-10 | C376: SUP-08 | D376: SKU-1028 | E376: WH-BLR | F376: 218 | G376: 23054 | H376: 5025772 | I376: 2026-03-22 | J376: 2026-03-30 | K376: 218 | L376: 0 | M376: Delivered | N376: =TRIM(A376) -> PO-100375 | O376: =PROPER(TRIM(M376)) -> Delivered | P376: =TRIM(E376) -> WH-BLR | Q376: =VLOOKUP(C376, Lookups!$A$2:$D$10, 2, FALSE()) -> Premium Desks Ltd | R376: =_xlfn.XLOOKUP(D376, Lookups!$A$12:$A$51, Lookups!$C$12:$C$51, "Unknown") -> Office Furniture | S376: =IF(ISBLANK(I376), B376+VLOOKUP(C376, Lookups!$A$2:$D$10, 4, FALSE()), I376) -> 2026-03-22 | T376: =IF(ISBLANK(J376), "", J376-B376) -> 20 | U376: =IF(O376="Open", "Open", IF(J376>S376, "Late", "On-Time")) -> Late | V376: =IF(K376>0, L376/K376, 0) -> 0
A377: PO-100376 | B377: 2025-11-23 | C377: SUP-01 | D377: SKU-1031 | E377: WH-DEL | F377: 204 | G377: 83427 | H377: 17019108 | I377: 2025-12-07 | J377: 2025-12-07 | K377: 204 | L377: 0 | M377: Delivered | N377: =TRIM(A377) -> PO-100376 | O377: =PROPER(TRIM(M377)) -> Delivered | P377: =TRIM(E377) -> WH-DEL | Q377: =VLOOKUP(C377, Lookups!$A$2:$D$10, 2, FALSE()) -> TechSupply Corp | R377: =_xlfn.XLOOKUP(D377, Lookups!$A$12:$A$51, Lookups!$C$12:$C$51, "Unknown") -> Electronics | S377: =IF(ISBLANK(I377), B377+VLOOKUP(C377, Lookups!$A$2:$D$10, 4, FALSE()), I377) -> 2025-12-07 | T377: =IF(ISBLANK(J377), "", J377-B377) -> 14 | U377: =IF(O377="Open", "Open", IF(J377>S377, "Late", "On-Time")) -> On-Time | V377: =IF(K377>0, L377/K377, 0) -> 0
A378: PO-100377 | B378: 2026-05-26 | C378: SUP-06 | D378: SKU-1024 | E378: WH-PUN | F378: 190 | G378: 4440 | H378: 843600 | I378: 2026-06-05 | J378: 2026-06-05 | K378: 190 | L378: 0 | M378: Delivered | N378: =TRIM(A378) -> PO-100377 | O378: =PROPER(TRIM(M378)) -> Delivered | P378: =TRIM(E378) -> WH-PUN | Q378: =VLOOKUP(C378, Lookups!$A$2:$D$10, 2, FALSE()) -> Peripheral Source | R378: =_xlfn.XLOOKUP(D378, Lookups!$A$12:$A$51, Lookups!$C$12:$C$51, "Unknown") -> Peripherals | S378: =IF(ISBLANK(I378), B378+VLOOKUP(C378, Lookups!$A$2:$D$10, 4, FALSE()), I378) -> 2026-06-05 | T378: =IF(ISBLANK(J378), "", J378-B378) -> 10 | U378: =IF(O378="Open", "Open", IF(J378>S378, "Late", "On-Time")) -> On-Time | V378: =IF(K378>0, L378/K378, 0) -> 0
A379: PO-100378 | B379: 2026-06-06 | C379: SUP-02 | D379: SKU-1026 | E379: WH-DEL | F379: 191 | G379: 23667 | H379: 4520397 | I379: 2026-06-27 | J379: 2026-07-08 | K379: 191 | L379: 0 | M379: Delivered | N379: =TRIM(A379) -> PO-100378 | O379: =PROPER(TRIM(M379)) -> Delivered | P379: =TRIM(E379) -> WH-DEL | Q379: =VLOOKUP(C379, Lookups!$A$2:$D$10, 2, FALSE()) -> Global Networks | R379: =_xlfn.XLOOKUP(D379, Lookups!$A$12:$A$51, Lookups!$C$12:$C$51, "Unknown") -> Networking | S379: =IF(ISBLANK(I379), B379+VLOOKUP(C379, Lookups!$A$2:$D$10, 4, FALSE()), I379) -> 2026-06-27 | T379: =IF(ISBLANK(J379), "", J379-B379) -> 32 | U379: =IF(O379="Open", "Open", IF(J379>S379, "Late", "On-Time")) -> Late | V379: =IF(K379>0, L379/K379, 0) -> 0
A380: PO-100379 | B380: 2026-01-13 | C380: SUP-07 | D380: SKU-1020 | E380: WH-DEL | F380: 220 | G380: 65379 | H380: 14383380 | I380: 2026-02-06 | J380: 2026-02-03 | K380: 220 | L380: 0 | M380: Delivered | N380: =TRIM(A380) -> PO-100379 | O380: =PROPER(TRIM(M380)) -> Delivered | P380: =TRIM(E380) -> WH-DEL | Q380: =VLOOKUP(C380, Lookups!$A$2:$D$10, 2, FALSE()) -> NextGen Hardware | R380: =_xlfn.XLOOKUP(D380, Lookups!$A$12:$A$51, Lookups!$C$12:$C$51, "Unknown") -> Electronics | S380: =IF(ISBLANK(I380), B380+VLOOKUP(C380, Lookups!$A$2:$D$10, 4, FALSE()), I380) -> 2026-02-06 | T380: =IF(ISBLANK(J380), "", J380-B380) -> 21 | U380: =IF(O380="Open", "Open", IF(J380>S380, "Late", "On-Time")) -> On-Time | V380: =IF(K380>0, L380/K380, 0) -> 0
A381: PO-100380 | B381: 2026-01-17 | C381: SUP-02 | D381: SKU-1005 | E381: WH-BLR | F381: 170 | G381: 39270 | H381: 6675900 | I381: 2026-02-07 | J381: 2026-02-07 | K381: 170 | L381: 0 | M381: Delivered | N381: =TRIM(A381) -> PO-100380 | O381: =PROPER(TRIM(M381)) -> Delivered | P381: =TRIM(E381) -> WH-BLR | Q381: =VLOOKUP(C381, Lookups!$A$2:$D$10, 2, FALSE()) -> Global Networks | R381: =_xlfn.XLOOKUP(D381, Lookups!$A$12:$A$51, Lookups!$C$12:$C$51, "Unknown") -> Networking | S381: =IF(ISBLANK(I381), B381+VLOOKUP(C381, Lookups!$A$2:$D$10, 4, FALSE()), I381) -> 2026-02-07 | T381: =IF(ISBLANK(J381), "", J381-B381) -> 21 | U381: =IF(O381="Open", "Open", IF(J381>S381, "Late", "On-Time")) -> On-Time | V381: =IF(K381>0, L381/K381, 0) -> 0
... A424: PO-100423 | B424: 2025-04-30 | C424: SUP-06 | D424: SKU-1014 | E424: WH-DEL | F424: 72 | G424: 4936 | H424: 355392 | I424: 2025-05-10 | J424: 2025-05-11 | K424: 72 | L424: 0 | M424: Delivered | N424: =TRIM(A424) -> PO-100423 | O424: =PROPER(TRIM(M424)) -> Delivered | P424: =TRIM(E424) -> WH-DEL | Q424: =VLOOKUP(C424, Lookups!$A$2:$D$10, 2, FALSE()) -> Peripheral Source | R424: =_xlfn.XLOOKUP(D424, Lookups!$A$12:$A$51, Lookups!$C$12:$C$51, "Unknown") -> Peripherals | S424: =IF(ISBLANK(I424), B424+VLOOKUP(C424, Lookups!$A$2:$D$10, 4, FALSE()), I424) -> 2025-05-10 | T424: =IF(ISBLANK(J424), "", J424-B424) -> 11 | U424: =IF(O424="Open", "Open", IF(J424>S424, "Late", "On-Time")) -> Late | V424: =IF(K424>0, L424/K424, 0) -> 0
A425: PO-100424 | B425: 2026-11-27 | C425: SUP-06 | D425: SKU-1019 | E425: WH-BLR | F425: 42 | G425: 4287 | H425: 180054 | K425: 0 | L425: 0 | M425: Open | N425: =TRIM(A425) -> PO-100424 | O425: =PROPER(TRIM(M425)) -> Open | P425: =TRIM(E425) -> WH-BLR | Q425: =VLOOKUP(C425, Lookups!$A$2:$D$10, 2, FALSE()) -> Peripheral Source | R425: =_xlfn.XLOOKUP(D425, Lookups!$A$12:$A$51, Lookups!$C$12:$C$51, "Unknown") -> Peripherals | S425: =IF(ISBLANK(I425), B425+VLOOKUP(C425, Lookups!$A$2:$D$10, 4, FALSE()), I425) -> 46363 | T425: =IF(ISBLANK(J425), "", J425-B425) | U425: =IF(O425="Open", "Open", IF(J425>S425, "Late", "On-Time")) -> Open | V425: =IF(K425>0, L425/K425, 0) -> 0
A426: PO-100425 | B426: 2025-11-02 | C426: SUP-07 | D426: SKU-1020 | E426: WH-PUN | F426: 119 | G426: 65379 | H426: 7780101 | I426: 2025-11-26 | J426: 2025-11-26 | K426: 119 | L426: 0 | M426: Delivered | N426: =TRIM(A426) -> PO-100425 | O426: =PROPER(TRIM(M426)) -> Delivered | P426: =TRIM(E426) -> WH-PUN | Q426: =VLOOKUP(C426, Lookups!$A$2:$D$10, 2, FALSE()) -> NextGen Hardware | R426: =_xlfn.XLOOKUP(D426, Lookups!$A$12:$A$51, Lookups!$C$12:$C$51, "Unknown") -> Electronics | S426: =IF(ISBLANK(I426), B426+VLOOKUP(C426, Lookups!$A$2:$D$10, 4, FALSE()), I426) -> 2025-11-26 | T426: =IF(ISBLANK(J426), "", J426-B426) -> 24 | U426: =IF(O426="Open", "Open", IF(J426>S426, "Late", "On-Time")) -> On-Time | V426: =IF(K426>0, L426/K426, 0) -> 0
A427: PO-100426 | B427: 2026-03-16 | C427: SUP-02 | D427: SKU-1013 | E427: WH-BLR | F427: 54 | G427: 36295 | H427: 1959930 | I427: 2026-04-06 | J427: 2026-04-07 | K427: 54 | L427: 0 | M427: Delivered | N427: =TRIM(A427) -> PO-100426 | O427: =PROPER(TRIM(M427)) -> Delivered | P427: =TRIM(E427) -> WH-BLR | Q427: =VLOOKUP(C427, Lookups!$A$2:$D$10, 2, FALSE()) -> Global Networks | R427: =_xlfn.XLOOKUP(D427, Lookups!$A$12:$A$51, Lookups!$C$12:$C$51, "Unknown") -> Networking | S427: =IF(ISBLANK(I427), B427+VLOOKUP(C427, Lookups!$A$2:$D$10, 4, FALSE()), I427) -> 2026-04-06 | T427: =IF(ISBLANK(J427), "", J427-B427) -> 22 | U427: =IF(O427="Open", "Open", IF(J427>S427, "Late", "On-Time")) -> Late | V427: =IF(K427>0, L427/K427, 0) -> 0
A428: PO-100427 | B428: 2026-10-14 | C428: SUP-01 | D428: SKU-1031 | E428: WH-DEL | F428: 80 | G428: 83427 | H428: 6674160 | I428: 2026-10-28 | J428: 2026-10-29 | K428: 80 | L428: 0 | M428: Delivered | N428: =TRIM(A428) -> PO-100427 | O428: =PROPER(TRIM(M428)) -> Delivered | P428: =TRIM(E428) -> WH-DEL | Q428: =VLOOKUP(C428, Lookups!$A$2:$D$10, 2, FALSE()) -> TechSupply Corp | R428: =_xlfn.XLOOKUP(D428, Lookups!$A$12:$A$51, Lookups!$C$12:$C$51, "Unknown") -> Electronics | S428: =IF(ISBLANK(I428), B428+VLOOKUP(C428, Lookups!$A$2:$D$10, 4, FALSE()), I428) -> 2026-10-28 | T428: =IF(ISBLANK(J428), "", J428-B428) -> 15 | U428: =IF(O428="Open", "Open", IF(J428>S428, "Late", "On-Time")) -> Late | V428: =IF(K428>0, L428/K428, 0) -> 0
A429: PO-100428 | B429: 2025-08-26 | C429: SUP-05 | D429: SKU-1023 | E429: WH-PUN | F429: 223 | G429: 94797 | H429: 21139731 | I429: 2025-09-13 | J429: 2025-09-14 | K429: 223 | L429: 0 | M429: Delivered | N429: =TRIM(A429) -> PO-100428 | O429: =PROPER(TRIM(M429)) -> Delivered | P429: =TRIM(E429) -> WH-PUN | Q429: =VLOOKUP(C429, Lookups!$A$2:$D$10, 2, FALSE()) -> FastElectronics | R429: =_xlfn.XLOOKUP(D429, Lookups!$A$12:$A$51, Lookups!$C$12:$C$51, "Unknown") -> Electronics | S429: =IF(ISBLANK(I429), B429+VLOOKUP(C429, Lookups!$A$2:$D$10, 4, FALSE()), I429) -> 2025-09-13 | T429: =IF(ISBLANK(J429), "", J429-B429) -> 19 | U429: =IF(O429="Open", "Open", IF(J429>S429, "Late", "On-Time")) -> Late | V429: =IF(K429>0, L429/K429, 0) -> 0
...

Sheet Lookups
A1: Supplier_ID | B1: Supplier_Name | C1: Country | D1: Default_Lead_Time_Days
A2: SUP-01 | B2: TechSupply Corp | C2: India | D2: 14
A3: SUP-02 | B3: Global Networks | C3: Taiwan | D3: 21
A4: SUP-03 | B4: OfficeDepot Pro | C4: India | D4: 7
A5: SUP-04 | B5: MegaFurnish | C5: China | D5: 30
A6: SUP-05 | B6: FastElectronics | C6: Vietnam | D6: 18
A7: SUP-06 | B7: Peripheral Source | C7: India | D7: 10
A8: SUP-07 | B8: NextGen Hardware | C8: Taiwan | D8: 24
A9: SUP-08 | B9: Premium Desks Ltd | C9: India | D9: 12
A11: SKU | B11: Product_Name | C11: Category | D11: Unit_Cost_INR | E11: Primary_Supplier_ID
A12: SKU-1001 | B12: Pro Laptop Model U | C12: Electronics | D12: 59592 | E12: SUP-01
A13: SKU-1002 | B13: Pro Laptop Model A | C13: Electronics | D13: 81048 | E13: SUP-01
A14: SKU-1003 | B14: Enterprise Router 350X | C14: Networking | D14: 22314 | E14: SUP-05
A15: SKU-1004 | B15: Pro Laptop Model E | C15: Electronics | D15: 58434 | E15: SUP-07
A16: SKU-1005 | B16: Enterprise Router 792X | C16: Networking | D16: 39270 | E16: SUP-02
A17: SKU-1006 | B17: Wireless Headset 9 | C17: Peripherals | D17: 2212 | E17: SUP-06
A18: SKU-1007 | B18: Pro Laptop Model S | C18: Electronics | D18: 100302 | E18: SUP-05
A19: SKU-1008 | B19: Pro Laptop Model B | C19: Electronics | D19: 48905 | E19: SUP-01
A20: SKU-1009 | B20: Wireless Keyboard 2 | C20: Peripherals | D20: 3291 | E20: SUP-06
A21: SKU-1010 | B21: Pro Laptop Model H | C21: Electronics | D21: 111237 | E21: SUP-01
A22: SKU-1011 | B22: Pro Laptop Model T | C22: Electronics | D22: 48478 | E22: SUP-07
A23: SKU-1012 | B23: Pro Laptop Model R | C23: Electronics | D23: 71062 | E23: SUP-07
... A51: SKU-1040 | B51: Wireless Mouse 8 | C51: Peripherals | D51: 6707 | E51: SUP-06
A53: Warehouse_ID | B53: Location
A54: WH-BOM | B54: Mumbai Central
A55: WH-DEL | B55: Delhi North
A56: WH-BLR | B56: Bengaluru South
A57: WH-PUN | B57: Pune West

Sheet Methodology_QA
A1: Section | B1: Content
A2: 1. Tool Versions | B2: Generated via Python openpyxl for Excel compatibility. Formulas calculate upon opening.
A3: 2. Limitations | B3: PivotTables require manual creation from Cleaned_POs due to binary compilation restrictions in openpyxl.
A4: 3. Quality Checks | B4: Ground truth calculations verified. Duplicates (45) flagged. Text standardization via PROPER/TRIM applied.
